news_id,source,title,link,published_at,summary,fetched_at,content,category,image_url,text_clean,language,text_final,token_count,cluster
66e534b4d3c793a9,Tatoli,Loron Konsulta Populár “Pinta raan ba Ukun-Rasik-An”,https://tatoli.tl/2026/08/30/loron-konsulta-popular-pinta-raan-ba-ukun-rasik-an/,2026-08-30T02:27:28,"“Iha loron bé temi nafatin. Sira moris iha memória enkuadra ho istória família, prezerva iha orasaun no pasa hosi jerasaun ida ba jerasaun tuirmai.” OPINIAUN ida-ne’e direitu hakerek-na&#8217;in nia hanoin pesoál no la reprezenta hanoin hosi instituisaun ne’ebé ha’u serbisu ba. Artigu ida ne’e dedika espesifiku hanesan sinal gratidaun no respeitu klean ba saudozu no ... 
 The post  Loron Konsulta Populár “Pinta raan ba Ukun-Rasik-An”  appeared first on  TATOLI Agência Noticiosa de Timor-Leste .",2026-08-31T00:37:31.551751,,,,loron konsulta popul r pinta raan ba ukun rasik an iha loron b temi nafatin sira moris iha mem ria enkuadra ho ist ria fam lia prezerva iha orasaun no pasa hosi jerasaun ida ba jerasaun tuirmai opiniaun ida ne e direitu hakerek na 8217 in nia hanoin peso l no la reprezenta hanoin hosi instituisaun ne eb ha u serbisu ba artigu ida ne e dedika espesifiku hanesan sinal gratidaun no respeitu klean ba saudozu no the post loron konsulta popul r pinta raan ba ukun rasik an appeared first on tatoli ag ncia noticiosa de timor leste,tet,konsulta popul pinta raan ukun rasik temi nafati moris mem ria enkuadra ist ria fam lia prezerva orasau pasa hosi jerasau jerasau tuirmai opiniau direitu hakerek 8217 peso reprezenta hosi instituisau serbisu artigu dedika espesifiku sinal gratidau respeitu klea saudozu the post konsulta popul pinta raan ukun rasik appeared first tatoli ncia noticiosa timor leste,55,1
68eb1ec81ad36a83,Tatoli,"PM Xanana vizita CTC Bali, hametin protesaun biodiversidade mariña",https://tatoli.tl/2026/08/30/pm-xanana-vizita-ctc-bali-hametin-protesaun-biodiversidade-marina/,2026-08-30T01:37:59,"DILI, 30 agostu 2026 (TATOLI) – Primeiru-Ministru (PM) Kay Rala Xanana Gusmão sesta ne&#8217;e vizita Coral Triangle Center (CTC) iha Sanur, Bali, Indonézia hodi haree diretamente programa no servisu konservasaun mariña. Iha vizita ne&#8217;e, PM Xanana foku ba protesaun biodiversidade no jestaun rekursu tasi ne&#8217;ebé sustentável. PM Xanana konsidera tasi no rekursu mariña la’ós de&#8217;it ... 
 The post  PM Xanana vizita CTC Bali, hametin protesaun biodiversidade mariña  appeared first on  TATOLI Agência Noticiosa de Timor-Leste .",2026-08-31T00:37:31.551751,,,,pm xanana vizita ctc bali hametin protesaun biodiversidade mari a dili 30 agostu 2026 tatoli primeiru ministru pm kay rala xanana gusm o sesta ne 8217 e vizita coral triangle center ctc iha sanur bali indon zia hodi haree diretamente programa no servisu konservasaun mari a iha vizita ne 8217 e pm xanana foku ba protesaun biodiversidade no jestaun rekursu tasi ne 8217 eb sustent vel pm xanana konsidera tasi no rekursu mari a la s de 8217 it the post pm xanana vizita ctc bali hametin protesaun biodiversidade mari a appeared first on tatoli ag ncia noticiosa de timor leste,en,xanana vizita ctc bali hametin protesaun biodiversidad mari dili agostu 2026 tatoli primeiru ministru kay rala xanana gusm sesta 8217 vizita coral triangl center ctc iha sanur bali indon zia hodi hare diretament programa servisu konservasaun mari iha vizita 8217 xanana foku protesaun biodiversidad jestaun rekursu tasi 8217 sustent vel xanana konsidera tasi rekursu mari 8217 post xanana vizita ctc bali hametin protesaun biodiversidad mari appear first tatoli ncia noticiosa timor lest,72,0
4ab7efe3979fb52a,Tatoli,PM Xanana simu restu mortál bispu na’in-tolu iha Bali no 1 setembru to’o Dili,https://tatoli.tl/2026/08/30/pm-xanana-simu-restu-mortal-bispu-nain-tolu-iha-bali-no-aban-too-dili/,2026-08-30T01:27:04,"DILI, 30 Agostu 2026 (TATOLI) — Primeiru-Ministru (PM), Kay Rala Xanana Gusmão, sábadu ne’e ofisialmente simu restu mortál Bispu Timoroan na’in-tolu, mak hanesan Bispu Dom Jaime Garcia Goulart, Bispu Dom José Joaquim Ribeiro no Monseñor Martinho da Costa Lopes, iha Aeroportu Internasionál Ngurah Rai, Bali, Indonézia no Loron 1 fulan-setembru tinan 2026 – preladu sira-nia ... 
 The post  PM Xanana simu restu mortál bispu na’in-tolu iha Bali no 1 setembru to’o Dili  appeared first on  TATOLI Agência Noticiosa de Timor-Leste .",2026-08-31T00:37:31.551751,,,,pm xanana simu restu mort l bispu na in tolu iha bali no 1 setembru to o dili dili 30 agostu 2026 tatoli primeiru ministru pm kay rala xanana gusm o s badu ne e ofisialmente simu restu mort l bispu timoroan na in tolu mak hanesan bispu dom jaime garcia goulart bispu dom jos joaquim ribeiro no monse or martinho da costa lopes iha aeroportu internasion l ngurah rai bali indon zia no loron 1 fulan setembru tinan 2026 preladu sira nia the post pm xanana simu restu mort l bispu na in tolu iha bali no 1 setembru to o dili appeared first on tatoli ag ncia noticiosa de timor leste,tet,xana simu restu mort bispu bali setembru dili dili agostu 2026 tatoli primeiru ministru kay rala xana gusm badu ofisialmente simu restu mort bispu timoroa mak bispu dom jaime garcia goulart bispu dom jos joaquim ribeiro monse martinho costa lopes aeroportu internasio ngurah rai bali indo zia setembru 2026 preladu the post xana simu restu mort bispu bali setembru dili appeared first tatoli ncia noticiosa timor leste,67,5
7acd1309dafdc210,Tatoli,Tinan 27 Konsulta Populár: Salvaguarda liberdade no unidade ho responsabilidade,https://tatoli.tl/2026/08/30/tinan-27-konsulta-popular-salvaguarda-liberdade-no-unidade-ho-responsabilidade/,2026-08-30T00:44:42,"DILI, 30 Agostu 2026 (TATOLI) — Tinan ruanulu-resin-hitu liu tiha ona dezde Konsulta Populár iha loron 30 Agostu 1999. Loron istóriku ne’e marka istória ida tanba povu determina futuru liuhosi prosesu ida ne’ebé loke dalan ba Timor-Leste nia independénsia. Rezultadu hosi luta ne’e moris hosi unidade, korajen, sakrifísiu no esperansa ne’ebé povu mantein durante tinan ... 
 The post  Tinan 27 Konsulta Populár: Salvaguarda liberdade no unidade ho responsabilidade  appeared first on  TATOLI Agência Noticiosa de Timor-Leste .",2026-08-31T00:37:31.551751,,,,tinan 27 konsulta popul r salvaguarda liberdade no unidade ho responsabilidade dili 30 agostu 2026 tatoli tinan ruanulu resin hitu liu tiha ona dezde konsulta popul r iha loron 30 agostu 1999 loron ist riku ne e marka ist ria ida tanba povu determina futuru liuhosi prosesu ida ne eb loke dalan ba timor leste nia independ nsia rezultadu hosi luta ne e moris hosi unidade korajen sakrif siu no esperansa ne eb povu mantein durante tinan the post tinan 27 konsulta popul r salvaguarda liberdade no unidade ho responsabilidade appeared first on tatoli ag ncia noticiosa de timor leste,tet,konsulta popul salvaguarda liberdade unidade responsabilidade dili agostu 2026 tatoli ruanulu resi hitu liu tiha dezde konsulta popul agostu 1999 ist riku marka ist ria determi futuru liuhosi prosesu loke dala timor leste independ nsia rezultadu hosi luta moris hosi unidade koraje sakrif siu esperansa mantei durante the post konsulta popul salvaguarda liberdade unidade responsabilidade appeared first tatoli ncia noticiosa timor leste,62,1
a65fb689ab634db3,Tatoli,"Númeru mate iha Nepál sa’e ba 579, Obriga partidu polítiku sira adota rezolusaun pontu 10",https://tatoli.tl/2026/08/29/numeru-mate-iha-nepal-sae-ba-579-obriga-partidu-politiku-sira-adota-rezolusaun-pontu-10/,2026-08-29T03:35:17,"DILI, 29 Agostu 2026 (TATOLI) – Autoridade Nasionál Redusaun no Jestaun Risku Dezastre Nepál nian relata katak mate-isin hamutuk 579 mak hetan ona iha área sira ne&#8217;ebé afetadu hosi inundasaun no ema na&#8217;in 1.924 mak sei lakon. Ho inundasaun inesperadu ne’e obriga partidu polítiku sira adota ona rezolusaun komún ho pontu 10. Enkontru ne&#8217;e espresa ... 
 The post  Númeru mate iha Nepál sa’e ba 579, Obriga partidu polítiku sira adota rezolusaun pontu 10  appeared first on  TATOLI Agência Noticiosa de Timor-Leste .",2026-08-31T00:37:31.551751,,,,n meru mate iha nep l sa e ba 579 obriga partidu pol tiku sira adota rezolusaun pontu 10 dili 29 agostu 2026 tatoli autoridade nasion l redusaun no jestaun risku dezastre nep l nian relata katak mate isin hamutuk 579 mak hetan ona iha rea sira ne 8217 eb afetadu hosi inundasaun no ema na 8217 in 1 924 mak sei lakon ho inundasaun inesperadu ne e obriga partidu pol tiku sira adota ona rezolusaun kom n ho pontu 10 enkontru ne 8217 e espresa the post n meru mate iha nep l sa e ba 579 obriga partidu pol tiku sira adota rezolusaun pontu 10 appeared first on tatoli ag ncia noticiosa de timor leste,tet,meru mate nep 579 obriga partidu pol tiku adota rezolusau pontu dili agostu 2026 tatoli autoridade nasio redusau jestau risku dezastre nep relata mate isin hamutuk 579 mak heta rea 8217 afetadu hosi inundasau 8217 924 mak lako inundasau inesperadu obriga partidu pol tiku adota rezolusau kom pontu enkontru 8217 espresa the post meru mate nep 579 obriga partidu pol tiku adota rezolusau pontu appeared first tatoli ncia noticiosa timor leste,71,7
9e2052460d7ca81a,Tatoli,Venezuela anunsia akordu petrolíferu ho EUA,https://tatoli.tl/2026/08/29/venezuela-anunsia-akordu-petroliferu-ho-eua/,2026-08-29T02:30:10,"DILI, 29 Agostu (TATOLI) – Venezuela fó-sai iha loron-sesta ne&#8217;e saida maka nia bolu “akordu istóriku ida” ho Governu norte-amerikanu hodi promove investimentu iha rekuperasaun no rekonstrusaun infraestrutura estratéjiku ba nia indústria idrokarbonetu sira. Iha nota imprensa, prezidente interinu Venezuela nian, Delcy Rodriguez, hatete katak akordu ne&#8217;e sei ajuda hametin relasaun bilaterál sira no fasilita ... 
 The post  Venezuela anunsia akordu petrolíferu ho EUA  appeared first on  TATOLI Agência Noticiosa de Timor-Leste .",2026-08-31T00:37:31.551751,,,,venezuela anunsia akordu petrol feru ho eua dili 29 agostu tatoli venezuela f sai iha loron sesta ne 8217 e saida maka nia bolu akordu ist riku ida ho governu norte amerikanu hodi promove investimentu iha rekuperasaun no rekonstrusaun infraestrutura estrat jiku ba nia ind stria idrokarbonetu sira iha nota imprensa prezidente interinu venezuela nian delcy rodriguez hatete katak akordu ne 8217 e sei ajuda hametin relasaun bilater l sira no fasilita the post venezuela anunsia akordu petrol feru ho eua appeared first on tatoli ag ncia noticiosa de timor leste,tet,venezuela anunsia akordu petrol feru eua dili agostu tatoli venezuela sai sesta 8217 saida bolu akordu ist riku norte amerikanu promove investimentu rekuperasau rekonstrusau infraestrutura estrat jiku ind stria idrokarbonetu nota imprensa prezidente interinu venezuela delcy rodriguez akordu 8217 ajuda hameti relasau bilater fasilita the post venezuela anunsia akordu petrol feru eua appeared first tatoli ncia noticiosa timor leste,59,3
b1861d46a4132886,Tatoli,Xanana dezloka bá Indonézia kontinua negosiasaun ronda dahaat fronteira marítima,https://tatoli.tl/2026/08/29/xanana-dezloka-ba-indonezia-kontinua-negosiasaun-ronda-dahaat-fronteira-maritima/,2026-08-29T01:59:40,"DILI, 29 Agostu 2026 (TATOLI) – Ohin, Primeiru-Ministru, Kay Rala Xanana Gusmão, ho delegasaun dezloka bá Indonézia, hodi kontinua halo negosiasaun ronda dahhat kona-ba fronteira marítima entre país rua. Iha loron-sesta ne’e, Xefe Governu fó-sai katak nia bá Indonézia atu kontinua negosiasaun fronteira marírima ho Indonézia. “Kona-ba ita-nia fronteira marítima ho Indonézia&#8221;, nia hatete iha ... 
 The post  Xanana dezloka bá Indonézia kontinua negosiasaun ronda dahaat fronteira marítima  appeared first on  TATOLI Agência Noticiosa de Timor-Leste .",2026-08-31T00:37:31.551751,,,,xanana dezloka b indon zia kontinua negosiasaun ronda dahaat fronteira mar tima dili 29 agostu 2026 tatoli ohin primeiru ministru kay rala xanana gusm o ho delegasaun dezloka b indon zia hodi kontinua halo negosiasaun ronda dahhat kona ba fronteira mar tima entre pa s rua iha loron sesta ne e xefe governu f sai katak nia b indon zia atu kontinua negosiasaun fronteira mar rima ho indon zia kona ba ita nia fronteira mar tima ho indon zia 8221 nia hatete iha the post xanana dezloka b indon zia kontinua negosiasaun ronda dahaat fronteira mar tima appeared first on tatoli ag ncia noticiosa de timor leste,tet,xana dezloka indo zia kontinua negosiasau ronda dahaat fronteira mar tima dili agostu 2026 tatoli ohin primeiru ministru kay rala xana gusm delegasau dezloka indo zia kontinua halo negosiasau ronda dahhat fronteira mar tima entre sesta xefe sai indo zia kontinua negosiasau fronteira mar rima indo zia fronteira mar tima indo zia 8221 the post xana dezloka indo zia kontinua negosiasau ronda dahaat fronteira mar tima appeared first tatoli ncia noticiosa timor leste,73,5
013ec06f4e76bca6,Tatoli,Cristina Ximenes sai primeiru lugar iha kompetisaun hakerek kriativu,https://tatoli.tl/2026/08/28/cristina-ximenes-sai-primeiru-lugar-iha-kompetisaun-hakerek-kriativu/,2026-08-28T14:59:58,"DILI, 28 Agostu 2026 (TATOLI)—Jornalista husi jornál INDEPENDENTE, Cristina Ximenes, sai primeiru lugar iha Kompetisaun Hakerek Kriativu ne’ebé Ajénsia Notisioza Timor-Leste TATOLI, I.P. organiza hodi komemora aniversáriu TATOLI, I.P. nian ba da-10 ho tema &#8220;Inovasaun, Krebilidade no Transformasaun Dijitál”. Atividade ne’e organiza ho objetivu mak atu fó espasu ba jornalista sira hodi dezenvolve no hatudu ... 
 The post  Cristina Ximenes sai primeiru lugar iha kompetisaun hakerek kriativu  appeared first on  TATOLI Agência Noticiosa de Timor-Leste .",2026-08-31T00:37:31.551751,,,,cristina ximenes sai primeiru lugar iha kompetisaun hakerek kriativu dili 28 agostu 2026 tatoli jornalista husi jorn l independente cristina ximenes sai primeiru lugar iha kompetisaun hakerek kriativu ne eb aj nsia notisioza timor leste tatoli i p organiza hodi komemora anivers riu tatoli i p nian ba da 10 ho tema 8220 inovasaun krebilidade no transformasaun dijit l atividade ne e organiza ho objetivu mak atu f espasu ba jornalista sira hodi dezenvolve no hatudu the post cristina ximenes sai primeiru lugar iha kompetisaun hakerek kriativu appeared first on tatoli ag ncia noticiosa de timor leste,tet,cristi ximenes sai primeiru lugar kompetisau hakerek kriativu dili agostu 2026 tatoli jorn independente cristi ximenes sai primeiru lugar kompetisau hakerek kriativu nsia notisioza timor leste tatoli organiza komemora anivers riu tatoli tema 8220 inovasau krebilidade transformasau dijit atividade organiza objetivu mak espasu dezenvolve hatudu the post cristi ximenes sai primeiru lugar kompetisau hakerek kriativu appeared first tatoli ncia noticiosa timor leste,62,4
4644416cd64a271e,Tatoli,“Konsulta populár loron istóriku ne’ebé lori ita halo reflesaun ho kle’an”,https://tatoli.tl/2026/08/28/konsulta-popular-loron-istoriku-neebe-lori-ita-halo-reflesaun-ho-klean/,2026-08-28T14:59:27,"DILI, 28 Agostu 2026 (TATOLI)—Prezidente Konsellu Diretivu TATOLI, Noémio Falcão, hateten Timor-Leste selebra loron konsulta populár ba da-27 ne’e hanesan reflesaun ida atu timoroan aprende husi luta, sakrifísiu povu nian no oinsá uza liberdade hodi harii nasaun ne&#8217;ebé justu, demokrátiku no prospéru. &#8220;Loron konsulta populár sai hanesan momentu ida-ne&#8217;ebé marka desizaun Timor-Leste nian atu determina ... 
 The post  “Konsulta populár loron istóriku ne&#8217;ebé lori ita halo reflesaun ho kle’an”  appeared first on  TATOLI Agência Noticiosa de Timor-Leste .",2026-08-31T00:37:31.551751,,,,konsulta popul r loron ist riku ne eb lori ita halo reflesaun ho kle an dili 28 agostu 2026 tatoli prezidente konsellu diretivu tatoli no mio falc o hateten timor leste selebra loron konsulta popul r ba da 27 ne e hanesan reflesaun ida atu timoroan aprende husi luta sakrif siu povu nian no oins uza liberdade hodi harii nasaun ne 8217 eb justu demokr tiku no prosp ru 8220 loron konsulta popul r sai hanesan momentu ida ne 8217 eb marka desizaun timor leste nian atu determina the post konsulta popul r loron ist riku ne 8217 eb lori ita halo reflesaun ho kle an appeared first on tatoli ag ncia noticiosa de timor leste,tet,konsulta popul ist riku lori halo reflesau kle dili agostu 2026 tatoli prezidente konsellu diretivu tatoli mio falc hatete timor leste selebra konsulta popul reflesau timoroa aprende luta sakrif siu oins uza liberdade harii 8217 justu demokr tiku prosp 8220 konsulta popul sai momentu 8217 marka desizau timor leste determi the post konsulta popul ist riku 8217 lori halo reflesau kle appeared first tatoli ncia noticiosa timor leste,68,1
5e5885db27da76d6,Tatoli,FFTL selebra kontratu ho Treinadór 24 ba Sentru Juvenil iha Munisípiu,https://tatoli.tl/2026/08/28/fftl-selebra-kontratu-ho-treinador-24-ba-sentru-juvenil-iha-munisipiu/,2026-08-28T14:59:21,"DILI, 28 Agostu 2026 (TATOLI)– Federasaun Futeból Timor-Leste (FFTL) selebra ona kontratu ho treinadór hamutuk na’in-24 hodi reativa fali sentru juvenil iha baze no kada Asosiasaun Futeból Munisípiu. Sentru ne&#8217;e foku ba kategoria Sub-13 to’o 15 ba mane no feto. Serimónia selebrasaun kontratu ne’e hala’o sesta ne&#8217;e iha edifisiu FFTL, no prezensa husi Sekretáriu Jerál ... 
 The post  FFTL selebra kontratu ho Treinadór 24 ba Sentru Juvenil iha Munisípiu  appeared first on  TATOLI Agência Noticiosa de Timor-Leste .",2026-08-31T00:37:31.551751,,,,fftl selebra kontratu ho treinad r 24 ba sentru juvenil iha munis piu dili 28 agostu 2026 tatoli federasaun futeb l timor leste fftl selebra ona kontratu ho treinad r hamutuk na in 24 hodi reativa fali sentru juvenil iha baze no kada asosiasaun futeb l munis piu sentru ne 8217 e foku ba kategoria sub 13 to o 15 ba mane no feto serim nia selebrasaun kontratu ne e hala o sesta ne 8217 e iha edifisiu fftl no prezensa husi sekret riu jer l the post fftl selebra kontratu ho treinad r 24 ba sentru juvenil iha munis piu appeared first on tatoli ag ncia noticiosa de timor leste,tet,fftl selebra kontratu treinad sentru juvenil munis piu dili agostu 2026 tatoli federasau futeb timor leste fftl selebra kontratu treinad hamutuk reativa fali sentru juvenil baze kada asosiasau futeb munis piu sentru 8217 foku kategoria sub mane feto serim selebrasau kontratu hala sesta 8217 edifisiu fftl prezensa sekret riu jer the post fftl selebra kontratu treinad sentru juvenil munis piu appeared first tatoli ncia noticiosa timor leste,67,8
59a4399fc39fb7c6,Tatoli,Venezuela anunsia akordu petrolíferu ho EUA vigora durante tinan 25,https://tatoli.tl/2026/08/31/venezuela-anunsia-akordu-petroliferu-ho-eua-vigora-durante-tinan-25/,2026-08-31T04:42:42,"DILI, 31 Agostu 2026 (TATOLI) – Prezidente interinu Venezuela nian, Delcy Rodriguez, fó-sai katak, akordu ida kona-ba petróleu ne&#8217;ebé hetan ho EUA sei vigora nafatin durante tinan 25 no hakarak aumenta produsaun petróleu loron-loron nasaun nian ba liu barríl millaun 1,5. Bainhira ko&#8217;alia ba emizora ​​estatál VTV, iha loron-sábadu, Rodriguez komenta kona-ba saida maka nia ... 
 The post  Venezuela anunsia akordu petrolíferu ho EUA vigora durante tinan 25  appeared first on  TATOLI Agência Noticiosa de Timor-Leste .",2026-08-31T13:46:25.589264,"DILI, 31 Agostu 2026 (TATOLI) – Prezidente interinu Venezuela nian, Delcy Rodriguez, fó-sai katak, akordu ida kona-ba petróleu ne’ebé hetan ho EUA sei vigora nafatin durante tinan 25 no hakarak aumenta produsaun petróleu loron-loron nasaun nian ba liu barríl millaun 1,5. Bainhira ko’alia ba emizora ​​estatál VTV, iha loron-sábadu, Rodriguez komenta kona-ba saida maka nia deskreve hanesan akordu petróleu “istóriku” ne’ebé hetan ho EUA. Rodriguez hatete katak akordu ne’e sei vigora nafatin durante tinan 25 no hakarak hasa’e produsaun petróleu loroloron nian liu barríl millaun 1,5. “Ami-nia objetivu maka avansa liután ho asinatura hosi akordu boot sira seluk ne’ebé envolve empreza jigante sira hanesan Chevron, Repsol, Eni, Shell ho BP. Ami hakarak sai hanesan poténsia enerjétiku ida,” nia hatete. “Iha termu konkretu, ida-ne’e signifika katak maizumenus $19 ba kada barríl ne’ebé prodús no fa’an sei ba diretamente ba ita-nia rain.” Bainhira ko’alia kona-ba kontribuisaun ne’ebé hein hosi akordu ba ekonomia Venezuela nian, Rodriguez hatete katak, bazea ba folin petróleu nian ida ho dolár 65 kada barríl, nasaun ne’e bele hamosu reseita dolár tokon  $209,335 hosi akordu ne’e. Rodriguez hatete katak projetu ne’e kobre dezenvolvimentu hosi kampu petróleu brutu ualu iha Orinoco Oil Belt, ne’ebé maka hale’u liu kilómetru kuadradu 55,000 (21,235 millas kuadradu) iha leste no leste-sentrál Venezuela nian. Nia hatete katak akordu prevee taxa royalty ida pelumenus 16% no taxa impostu rendimentu ida 34%, hodi hatutan katak termu sira-ne’e sei aselera rekuperasaun ekonómika Venezuela nian. Rodriguez agradese ba Prezidente Estadus Unidus nian Donald Trump no Sekretáriu Estadu Estadus Unidus nian Marco Rubio ba sira-nia esforsu sira hodi hetan akordu, hodi hatete katak “parte ida-idak kontribui ho saida maka sira halo di’akliu.” “Tenki sai klaru tebes katak Venezuela mantein propriedade no soberania ba nia rekursu sira,” nia hatete. Rodriguez hatutan tán katak EUA sei fornese kapitál, teknolojia no kapasidade operasionál hodi aselera rekuperasaun setór estratéjiku petrolíferu Venezuela nian, ne’ebé afetadu maka’as hosi sansaun sira. Subliña katak Governu sei sai transparente ho venezuelanu sira, Rodriguez hatete katak sira “iha direitu atu hatene investimentu hira maka prodús, reseita hira maka Estadu simu no saida maka kondisaun sira ba operadór sira.” Trump hatete iha loron-sesta ne’e katak Washington finaliza ona akordu ida ho Venezuela hodi asegura kontrolu maioria ba rezerva petróleu nian ne’ebé komprovadu liu barríl billaun 65. “Estadus Unidus Amérika foin tama iha akordu ida ho nasaun Venezuela kona-ba akordu petróleu boot liu iha istória mundiál”, nia hakerek iha ninia plataforma mídia sosiál Truth Social. Nia fó kréditu ba Rubio no Sekretáriu Defeza Pete Hegseth tanba serbisu hamutuk ho Rodriguez hodi finaliza tranzasaun. Rodriguez asume prezidénsia interinu iha fulan-Janeiru hafoin operasaun militár norte-amerikanu ida kaptura Prezidente Nicolás Maduro. Trump afirma katak akordu ne’e hetan liuhosi parseria ida ho indústria privada no sei la envolve kustu ba kontribuinte amerikanu sira. Nia afirma katak tranzasaun ne’e duplika liu rezerva petróleu sira ne’ebé eziste iha EUA no sei “hamenus maka’as folin gás nian” ba ema amerikanu sira iha tempu naruk, enkuantu promove prosperidade iha nasaun súl-amerikanu. Akordu ne’e sei hametin relasaun ne’ebé evolui lalais entre Washington ho Caracas, hatete hosi Trump. Rubio hatete katak akordu ne’e hanesan “vitória boot ida” ba nasaun rua, no katak sei lori investimentu privadu besik dolar biliaun 100 ba Venezuela. Notísia relevante: Venezuela anunsia akordu petrolíferu ho EUA",Home,https://tatoli.tl/wp-content/uploads/2026/01/thumbs_b_c_4f511f639d886d1f2374cf393d917214.jpg,venezuela anunsia akordu petrol feru ho eua vigora durante tinan 25 dili 31 agostu 2026 tatoli prezidente interinu venezuela nian delcy rodriguez f sai katak akordu ida kona ba petr leu ne eb hetan ho eua sei vigora nafatin durante tinan 25 no hakarak aumenta produsaun petr leu loron loron nasaun nian ba liu barr l millaun 1 5 bainhira ko alia ba emizora estat l vtv iha loron s badu rodriguez komenta kona ba saida maka nia deskreve hanesan akordu petr leu ist riku ne eb hetan ho eua rodriguez hatete katak akordu ne e sei vigora nafatin durante tinan 25 no hakarak hasa e produsaun petr leu loroloron nian liu barr l millaun 1 5 ami nia objetivu maka avansa liut n ho asinatura hosi akordu boot sira seluk ne eb envolve empreza jigante sira hanesan chevron repsol eni shell ho bp ami hakarak sai hanesan pot nsia enerj tiku ida nia hatete iha termu konkretu ida ne e signifika katak maizumenus 19 ba kada barr l ne eb prod s no fa an sei ba diretamente ba ita nia rain bainhira ko alia kona ba kontribuisaun ne eb hein hosi akordu ba ekonomia venezuela nian rodriguez hatete katak bazea ba folin petr leu nian ida ho dol r 65 kada barr l nasaun ne e bele hamosu reseita dol r tokon 209 335 hosi akordu ne e rodriguez hatete katak projetu ne e kobre dezenvolvimentu hosi kampu petr leu brutu ualu iha orinoco oil belt ne eb maka hale u liu kil metru kuadradu 55 000 21 235 millas kuadradu iha leste no leste sentr l venezuela nian nia hatete katak akordu prevee taxa royalty ida pelumenus 16 no taxa impostu rendimentu ida 34 hodi hatutan katak termu sira ne e sei aselera rekuperasaun ekon mika venezuela nian rodriguez agradese ba prezidente estadus unidus nian donald trump no sekret riu estadu estadus unidus nian marco rubio ba sira nia esforsu sira hodi hetan akordu hodi hatete katak parte ida idak kontribui ho saida maka sira halo di akliu tenki sai klaru tebes katak venezuela mantein propriedade no soberania ba nia rekursu sira nia hatete rodriguez hatutan t n katak eua sei fornese kapit l teknolojia no kapasidade operasion l hodi aselera rekuperasaun set r estrat jiku petrol feru venezuela nian ne eb afetadu maka as hosi sansaun sira subli a katak governu sei sai transparente ho venezuelanu sira rodriguez hatete katak sira iha direitu atu hatene investimentu hira maka prod s reseita hira maka estadu simu no saida maka kondisaun sira ba operad r sira trump hatete iha loron sesta ne e katak washington finaliza ona akordu ida ho venezuela hodi asegura kontrolu maioria ba rezerva petr leu nian ne eb komprovadu liu barr l billaun 65 estadus unidus am rika foin tama iha akordu ida ho nasaun venezuela kona ba akordu petr leu boot liu iha ist ria mundi l nia hakerek iha ninia plataforma m dia sosi l truth social nia f kr ditu ba rubio no sekret riu defeza pete hegseth tanba serbisu hamutuk ho rodriguez hodi finaliza tranzasaun rodriguez asume prezid nsia interinu iha fulan janeiru hafoin operasaun milit r norte amerikanu ida kaptura prezidente nicol s maduro trump afirma katak akordu ne e hetan liuhosi parseria ida ho ind stria privada no sei la envolve kustu ba kontribuinte amerikanu sira nia afirma katak tranzasaun ne e duplika liu rezerva petr leu sira ne eb eziste iha eua no sei hamenus maka as folin g s nian ba ema amerikanu sira iha tempu naruk enkuantu promove prosperidade iha nasaun s l amerikanu akordu ne e sei hametin relasaun ne eb evolui lalais entre washington ho caracas hatete hosi trump rubio hatete katak akordu ne e hanesan vit ria boot ida ba nasaun rua no katak sei lori investimentu privadu besik dolar biliaun 100 ba venezuela not sia relevante venezuela anunsia akordu petrol feru ho eua,tet,venezuela anunsia akordu petrol feru eua vigora durante dili agostu 2026 tatoli prezidente interinu venezuela delcy rodriguez sai akordu petr leu heta eua vigora nafati durante hakarak aumenta produsau petr leu liu barr millau alia emizora estat vtv badu rodriguez komenta saida deskreve akordu petr leu ist riku heta eua rodriguez akordu vigora nafati durante hakarak hasa produsau petr leu loroloro liu barr millau ami objetivu avansa liut asinatura hosi akordu seluk envolve empreza jigante chevro repsol eni shell ami hakarak sai pot nsia enerj tiku termu konkretu signifika maizumenus kada barr prod diretamente rain alia kontribuisau hein hosi akordu ekonomia venezuela rodriguez bazea foli petr leu dol kada barr hamosu reseita dol toko 209 335 hosi akordu rodriguez projetu kobre dezenvolvimentu hosi kampu petr leu brutu ualu orinoco oil belt hale liu kil metru kuadradu 000 235 millas kuadradu leste leste sentr venezuela akordu prevee taxa royalty pelumenus taxa impostu rendimentu hatuta termu aselera rekuperasau ekon mika venezuela rodriguez agradese prezidente estadus unidus donald trump sekret riu estadu estadus unidus marco rubio esforsu heta akordu parte idak kontribui saida halo akliu sai klaru venezuela mantei propriedade soberania rekursu rodriguez hatuta eua fornese kapit teknolojia kapasidade operasio aselera rekuperasau set estrat jiku petrol feru venezuela afetadu hosi sansau subli sai transparente venezuelanu rodriguez direitu hatene investimentu hira prod reseita hira estadu simu saida kondisau operad trump sesta washingto finaliza akordu venezuela asegura kontrolu maioria rezerva petr leu komprovadu liu barr billau estadus unidus rika foin tama akordu venezuela akordu petr leu liu ist ria mundi hakerek ninia plataforma dia sosi truth social ditu rubio sekret riu defeza pete hegseth serbisu hamutuk rodriguez finaliza tranzasau rodriguez asume prezid nsia interinu janeiru hafoi operasau milit norte amerikanu kaptura prezidente nicol maduro trump afirma akordu heta liuhosi parseria ind stria privada envolve kustu kontribuinte amerikanu afirma tranzasau duplika liu rezerva petr leu eziste eua hamenus foli amerikanu tempu naruk enkuantu promove prosperidade amerikanu akordu hameti relasau evolui lalais entre washingto caracas hosi trump rubio akordu vit ria lori investimentu privadu besik dolar biliau 100 venezuela not sia relevante venezuela anunsia akordu petrol feru eua,351,3
5647fcd5cd5d0ad7,Tatoli,Tinan 2026: SEFOPE mobiliza ona traballadór timoroan ba rai-li’ur hamutuk 3.600,https://tatoli.tl/2026/08/31/sefopetraballador-timoroab/,2026-08-31T04:10:20,"DILI, 31 Agostu 2026 (TATOLI)—Sekretáriu Estadu Formasaun Profisionál no Empregu (SEFOPE) liuhusi Diresaun Nasionál Empregu Estranjeiru (DNEE) konsege mobiliza ona traballadór timoroan ba servisu iha Japaun, Korea Súl, Austrália no Nova zélandia iha tinan 2026 hamutuk 3.600. Traballadór timoroan hirak ne’e kompostu husi traballadór timoroan sira servisu iha Korea Súl hamutuk na&#8217;in-436, Austrália hamutuk na’in-3.116, ... 
 The post  Tinan 2026: SEFOPE mobiliza ona traballadór timoroan ba rai-li&#8217;ur hamutuk 3.600  appeared first on  TATOLI Agência Noticiosa de Timor-Leste .",2026-08-31T13:46:25.589264,"DILI, 31 Agostu 2026 (TATOLI)— Sekretáriu Estadu Formasaun Profisionál no Empregu (SEFOPE) liuhusi Diresaun Nasionál Empregu Estranjeiru (DNEE) konsege mobiliza ona traballadór timoroan ba servisu iha Japaun, Korea Súl, Austrália no Nova zélandia iha tinan 2026 hamutuk 3.600. Traballadór timoroan hirak ne’e kompostu husi traballadór timoroan sira servisu iha Korea Súl hamutuk na’in-436, Austrália hamutuk na’in-3.116, Japaun hamutuk 13 no Nova Zelándia hamutuk ema na’in-35. Diretór Diresaun Nasionál Empregu Estranjeiru, João Correia Pereira, hateten traballadór timoroan ne’ebé servisu iha Nova Zelándia liuhusi programa RSE 2026 hamutuk na’in-36 ne’ebé mesak mane de’it. Kona-ba traballadór timoroan ne’ebé servisu iha Japaun, nia informa, liuhusi programa OTIT hahú husi 2023-2026 hamutuk na’in-77 kompostu husi mane 71 no feto na’in-neen (6), enkuantu dadus 2026 nian totál traballaxór hamutuk 13,” nia hateten ba Agência Tatoli iha nia kna’ar fatin City 8, Manleuana, ohin. Nia dehan, traballadór hirak-ne’e ba servisu iha área soldadura, pintura, andamiu, perfurasaun no plamer. “Totál traballadór timoroan ne’ebé servisu iha Korea Súl hahú husi 2009-2026 hamutuk 8.095 ne’ebé kompostu husi mane 7.866, feto 229. Iha tinan 2026 ne’e, SEFOPE konsege mobiliza ona traballadór timoroan ba Korea hamutuk 436, kompostu husi área peska 314, fábrika 99 no agrikultura 32,” nia informa. Entretantu, traballadór timoroan ne’ebé servisu iha Austrália hahú husi 2012-2026 hamutuk 26.008, ne’ebé kompostu husi mane 18296 no feto 7.712, no traballadór foun iha na’in-11325 no tuan “re-entry” na’in-14.683. “Traballadór timoroan ne’ebé mate hamutuk 22, iha na’in-11 mate iha Austrália, na’in-11 seluk mate iha timoroa ho ninia kauza mak asidente no moras. Aleinde ne’e, traballadór ne’ebé hetan moras iha na’in-36,” nia hateten. Enkuantu, nia informa, totál traballadór ne’ebé halai sai husi sistema servisu ne’e hamutuk 1.456 ne’ebé kompostu husi mane na’in-1139 no feto 317. Jornalista : Alexandra da Costa Editór        : Cancio Ximenes",Home,https://tatoli.tl/wp-content/uploads/2025/03/IMG_0133.jpg,tinan 2026 sefope mobiliza ona traballad r timoroan ba rai li ur hamutuk 3 600 dili 31 agostu 2026 tatoli sekret riu estadu formasaun profision l no empregu sefope liuhusi diresaun nasion l empregu estranjeiru dnee konsege mobiliza ona traballad r timoroan ba servisu iha japaun korea s l austr lia no nova z landia iha tinan 2026 hamutuk 3 600 traballad r timoroan hirak ne e kompostu husi traballad r timoroan sira servisu iha korea s l hamutuk na in 436 austr lia hamutuk na in 3 116 japaun hamutuk 13 no nova zel ndia hamutuk ema na in 35 diret r diresaun nasion l empregu estranjeiru jo o correia pereira hateten traballad r timoroan ne eb servisu iha nova zel ndia liuhusi programa rse 2026 hamutuk na in 36 ne eb mesak mane de it kona ba traballad r timoroan ne eb servisu iha japaun nia informa liuhusi programa otit hah husi 2023 2026 hamutuk na in 77 kompostu husi mane 71 no feto na in neen 6 enkuantu dadus 2026 nian tot l traballax r hamutuk 13 nia hateten ba ag ncia tatoli iha nia kna ar fatin city 8 manleuana ohin nia dehan traballad r hirak ne e ba servisu iha rea soldadura pintura andamiu perfurasaun no plamer tot l traballad r timoroan ne eb servisu iha korea s l hah husi 2009 2026 hamutuk 8 095 ne eb kompostu husi mane 7 866 feto 229 iha tinan 2026 ne e sefope konsege mobiliza ona traballad r timoroan ba korea hamutuk 436 kompostu husi rea peska 314 f brika 99 no agrikultura 32 nia informa entretantu traballad r timoroan ne eb servisu iha austr lia hah husi 2012 2026 hamutuk 26 008 ne eb kompostu husi mane 18296 no feto 7 712 no traballad r foun iha na in 11325 no tuan re entry na in 14 683 traballad r timoroan ne eb mate hamutuk 22 iha na in 11 mate iha austr lia na in 11 seluk mate iha timoroa ho ninia kauza mak asidente no moras aleinde ne e traballad r ne eb hetan moras iha na in 36 nia hateten enkuantu nia informa tot l traballad r ne eb halai sai husi sistema servisu ne e hamutuk 1 456 ne eb kompostu husi mane na in 1139 no feto 317 jornalista alexandra da costa edit r cancio ximenes,tet,2026 sefope mobiliza traballad timoroa rai hamutuk 600 dili agostu 2026 tatoli sekret riu estadu formasau profisio empregu sefope liuhusi diresau nasio empregu estranjeiru dnee konsege mobiliza traballad timoroa servisu japau korea austr lia nova landia 2026 hamutuk 600 traballad timoroa hirak kompostu traballad timoroa servisu korea hamutuk 436 austr lia hamutuk 116 japau hamutuk nova zel ndia hamutuk diret diresau nasio empregu estranjeiru correia pereira hatete traballad timoroa servisu nova zel ndia liuhusi programa rse 2026 hamutuk mesak mane traballad timoroa servisu japau informa liuhusi programa otit hah 2023 2026 hamutuk kompostu mane feto neen enkuantu dadus 2026 tot traballax hamutuk hatete ncia tatoli kna fati city manleua ohin traballad hirak servisu rea soldadura pintura andamiu perfurasau plamer tot traballad timoroa servisu korea hah 2009 2026 hamutuk 095 kompostu mane 866 feto 229 2026 sefope konsege mobiliza traballad timoroa korea hamutuk 436 kompostu rea peska 314 brika agrikultura informa entretantu traballad timoroa servisu austr lia hah 2012 2026 hamutuk 008 kompostu mane 18296 feto 712 traballad foun 11325 tuan entry 683 traballad timoroa mate hamutuk mate austr lia seluk mate timoroa ninia kauza mak asidente moras aleinde traballad heta moras hatete enkuantu informa tot traballad halai sai sistema servisu hamutuk 456 kompostu mane 1139 feto 317 alexandra costa edit cancio ximenes,212,2
e63c26b7a14ca0a9,Tatoli,TL-EAU diskute kooperasaun bilaterál iha área saúde no Jestaun Inundasaun,https://tatoli.tl/2026/08/31/tl-eau-diskute-kooperasaun-bilateral-iha-area-saude-no-jestaun-inundasaun/,2026-08-31T03:54:33,"DILI, 31 Agostu 2026 (TATOLI)–Ministra Estadu iha Ministériu Negósiu Estranjeiru Emiradu Árabe Unids (EAU), Noura Al Kaabi, segunda ne&#8217;e, hasoru malu ho Prezidente Repúblika, José Ramos-Horta hodi diskute kooperasaun bilaterál iha área saúde no jestaun inundasaun. Iha enkontru ne&#8217;e, Ministra Noura hato&#8217;o mós kumprimentu husi lideransa EAU ba Xefe Estadu no povu Timor-Leste. &#8220;Ha&#8217;u mai ... 
 The post  TL-EAU diskute kooperasaun bilaterál iha área saúde no Jestaun Inundasaun  appeared first on  TATOLI Agência Noticiosa de Timor-Leste .",2026-08-31T13:46:25.589264,"DILI, 31 Agostu 2026 (TATOLI)– Ministra Estadu iha Ministériu Negósiu Estranjeiru Emiradu Árabe Unids (EAU), Noura Al Kaabi, segunda ne’e, hasoru malu ho Prezidente Repúblika, José Ramos-Horta hodi diskute kooperasaun bilaterál iha área saúde no jestaun inundasaun. Iha enkontru ne’e, Ministra Noura hato’o mós kumprimentu husi lideransa EAU ba Xefe Estadu no povu Timor-Leste. “Ha’u mai iha ne’e ba dala uluk. Ida-ne’e onra ida. Lori lideransa Emiradus Árabes Unidus nia naran, ha’u hato’o kumprimentu ba Ita-boot sira nia Prezidente, no ba povu Timor-Leste,” Ministra Noura hateten ba jornalista sira hafoin enkontru ramata iha Palásiu Prezidensiál Nicolau Lobato, Bairru Pite, Dili. Hametin Relasaun Bilaterál Ministra Noura relembra relasaun entre EAU no Timor-Leste durante tinan barak iha dezenvolvimentu sidade, edukasaun no saúde. “Iha tinan barak nia laran, ami servisu hamutuk kona-ba kondisaun sira, serbisu no dezenvolvimentu. Ida-ne’e iha área edukasaun sira-nian no saúde,” nia afirma. Nia subliña katak EAU prontu kontinua apoia Timor-Leste liuliu iha área saúde mentál no seguransa sosiál. Ministra Noura mós ko’alia kona-ba projetu kooperasaun ne’ebé EAU apoia iha Timor-Leste, inklui projetu kartaun ofisiál ne’ebé hetan apoiu husi Embaixadór Borough, Thomas King. Iha biban ne’e, parte rua diskute mós kona-ba preparasaun estudu ba sentru sidade no jestaun ba inundasaun. Nia dehan, enjeñeiru sira hala’o ona estudu detalladu kona-ba istória inundasaun hodi ajuda prepara rai ho di’ak-liu. Ministra Noura akompaña husi delegasaun EAU, inklui Embaixadór EAU ba Timor-Leste, Kamai Ned El Barak. Jornalista : Hortêncio Sanchez Editór        : Cancio Ximenes",Home,https://tatoli.tl/wp-content/uploads/2026/08/Z_51.jpg,tl eau diskute kooperasaun bilater l iha rea sa de no jestaun inundasaun dili 31 agostu 2026 tatoli ministra estadu iha minist riu neg siu estranjeiru emiradu rabe unids eau noura al kaabi segunda ne e hasoru malu ho prezidente rep blika jos ramos horta hodi diskute kooperasaun bilater l iha rea sa de no jestaun inundasaun iha enkontru ne e ministra noura hato o m s kumprimentu husi lideransa eau ba xefe estadu no povu timor leste ha u mai iha ne e ba dala uluk ida ne e onra ida lori lideransa emiradus rabes unidus nia naran ha u hato o kumprimentu ba ita boot sira nia prezidente no ba povu timor leste ministra noura hateten ba jornalista sira hafoin enkontru ramata iha pal siu prezidensi l nicolau lobato bairru pite dili hametin relasaun bilater l ministra noura relembra relasaun entre eau no timor leste durante tinan barak iha dezenvolvimentu sidade edukasaun no sa de iha tinan barak nia laran ami servisu hamutuk kona ba kondisaun sira serbisu no dezenvolvimentu ida ne e iha rea edukasaun sira nian no sa de nia afirma nia subli a katak eau prontu kontinua apoia timor leste liuliu iha rea sa de ment l no seguransa sosi l ministra noura m s ko alia kona ba projetu kooperasaun ne eb eau apoia iha timor leste inklui projetu kartaun ofisi l ne eb hetan apoiu husi embaixad r borough thomas king iha biban ne e parte rua diskute m s kona ba preparasaun estudu ba sentru sidade no jestaun ba inundasaun nia dehan enje eiru sira hala o ona estudu detalladu kona ba ist ria inundasaun hodi ajuda prepara rai ho di ak liu ministra noura akompa a husi delegasaun eau inklui embaixad r eau ba timor leste kamai ned el barak jornalista hort ncio sanchez edit r cancio ximenes,tet,eau diskute kooperasau bilater rea jestau inundasau dili agostu 2026 tatoli ministra estadu minist riu neg siu estranjeiru emiradu rabe unids eau noura kaabi segunda hasoru malu prezidente rep blika jos ramos horta diskute kooperasau bilater rea jestau inundasau enkontru ministra noura hato kumprimentu lideransa eau xefe estadu timor leste mai dala uluk onra lori lideransa emiradus rabes unidus nara hato kumprimentu prezidente timor leste ministra noura hatete hafoi enkontru ramata pal siu prezidensi nicolau lobato bairru pite dili hameti relasau bilater ministra noura relembra relasau entre eau timor leste durante barak dezenvolvimentu sidade edukasau barak lara ami servisu hamutuk kondisau serbisu dezenvolvimentu rea edukasau afirma subli eau prontu kontinua apoia timor leste liuliu rea ment seguransa sosi ministra noura alia projetu kooperasau eau apoia timor leste inklui projetu kartau ofisi heta apoiu embaixad borough thomas king biba parte diskute preparasau estudu sentru sidade jestau inundasau enje eiru hala estudu detalladu ist ria inundasau ajuda prepara rai liu ministra noura akompa delegasau eau inklui embaixad eau timor leste kamai ned barak hort ncio sanchez edit cancio ximenes,177,6
46720389e39f7910,Tatoli,SECoop prepara kuda Bafo Kayrala substitui hahan seluk iha bailoro naruk,https://tatoli.tl/2026/08/31/secoop-prepara-kuda-bafo-kayrala-substitui-hahan-seluk-iha-bailoro-naruk/,2026-08-31T03:42:09,"DILI. 31 Agostu 2026 (TATOLI)—Sekretáriu Estadu Kooperativa (SECoop, sigla portugés), Arsénio Pereira, hateten ho mudansa klimátika bailoro naruk (elnino) ne’e sei fó impaktu ba buat hotu liuliu produsaun aihán, tanba ne&#8217;e sira prepara kuda Bafo Kayrala hodi substitui hahán seluk iha tempu bailoro naruk. &#8220;Ha&#8217;u hanoin buat ida fenomena natureza ne&#8217;e ninia efeitu la&#8217;ós de&#8217;it ... 
 The post  SECoop prepara kuda Bafo Kayrala substitui hahan seluk iha bailoro naruk  appeared first on  TATOLI Agência Noticiosa de Timor-Leste .",2026-08-31T13:46:25.589264,"DILI. 31 Agostu 2026 (TATOLI)— Sekretáriu Estadu Kooperativa (SECoop, sigla portugés), Arsénio Pereira, hateten ho mudansa klimátika bailoro naruk (elnino) ne’e sei fó impaktu ba buat hotu liuliu produsaun aihán, tanba ne’e sira prepara kuda Bafo Kayrala hodi substitui hahán seluk iha tempu bailoro naruk. “Ha’u hanoin buat ida fenomena natureza ne’e ninia efeitu la’ós de’it ba servisu SECooP nian maibé ne’e parte seluk mós katak la’ós de’it ba produsaun produtu kooperativa maibé ba mós balada no ema tanba bee maran no rai manas,” Sekretáriu Estadu ne’e informa ba jornalista sira iha edifísiu Korreiu, ohin. Nia dehan, mudansa klimátika elnino ne’e akontese sei fó impaktu ba buat moris hotu iha mundu. “ Wearning (avizu) ne’e husi ita-nia Prezidente Repúblika, José Ramos-Horta rasik no Estadu husi mundu tomak deklara katak ho akontesimentu bailoro naruk preparasaun saida mak ita sei halo,” nia relata. Tanba ne’e, nia konsidera natureza entaun Timor-Leste nia preparasaun la’ós atu kombate maibé bele halo mitigasaun, tanba dalaruma iha impaktu ba Timor-leste nia produsaun bele menu no bee mós maran. “Nune’e mak SECoop iha programa kuda Bafo Kayrala. Tanba sai hahán ne’ebé ita bele asegura (rezerva) tanba produtu ne’e bele moris mós iha tempu bailoro,” nia dehan. Jornalista : Alexandra da Costa Editór       : Cancio Ximenes",Home,https://tatoli.tl/wp-content/uploads/2026/05/WhatsApp-Image-2026-05-14-at-17.48.21.jpeg,secoop prepara kuda bafo kayrala substitui hahan seluk iha bailoro naruk dili 31 agostu 2026 tatoli sekret riu estadu kooperativa secoop sigla portug s ars nio pereira hateten ho mudansa klim tika bailoro naruk elnino ne e sei f impaktu ba buat hotu liuliu produsaun aih n tanba ne e sira prepara kuda bafo kayrala hodi substitui hah n seluk iha tempu bailoro naruk ha u hanoin buat ida fenomena natureza ne e ninia efeitu la s de it ba servisu secoop nian maib ne e parte seluk m s katak la s de it ba produsaun produtu kooperativa maib ba m s balada no ema tanba bee maran no rai manas sekret riu estadu ne e informa ba jornalista sira iha edif siu korreiu ohin nia dehan mudansa klim tika elnino ne e akontese sei f impaktu ba buat moris hotu iha mundu wearning avizu ne e husi ita nia prezidente rep blika jos ramos horta rasik no estadu husi mundu tomak deklara katak ho akontesimentu bailoro naruk preparasaun saida mak ita sei halo nia relata tanba ne e nia konsidera natureza entaun timor leste nia preparasaun la s atu kombate maib bele halo mitigasaun tanba dalaruma iha impaktu ba timor leste nia produsaun bele menu no bee m s maran nune e mak secoop iha programa kuda bafo kayrala tanba sai hah n ne eb ita bele asegura rezerva tanba produtu ne e bele moris m s iha tempu bailoro nia dehan jornalista alexandra da costa edit r cancio ximenes,tet,secoop prepara kuda bafo kayrala substitui haha seluk bailoro naruk dili agostu 2026 tatoli sekret riu estadu kooperativa secoop sigla portug ars nio pereira hatete mudansa klim tika bailoro naruk elnino impaktu liuliu produsau aih prepara kuda bafo kayrala substitui hah seluk tempu bailoro naruk fenome natureza ninia efeitu servisu secoop maib parte seluk produsau produtu kooperativa maib balada bee mara rai manas sekret riu estadu informa edif siu korreiu ohin mudansa klim tika elnino akontese impaktu moris mundu wearning avizu prezidente rep blika jos ramos horta rasik estadu mundu tomak deklara akontesimentu bailoro naruk preparasau saida mak halo relata konsidera natureza timor leste preparasau kombate maib halo mitigasau dalaruma impaktu timor leste produsau menu bee mara nune mak secoop programa kuda bafo kayrala sai hah asegura rezerva produtu moris tempu bailoro alexandra costa edit cancio ximenes,137,6
add2299ca3bb0294,Tatoli,PNTL hatún efetivu rihun-ida asegura transladasaun restu mortál Bispu na’in-tolu,https://tatoli.tl/2026/08/31/pntl-hatun-efetivu-rihun-ida-asegura-seguransa-ba-serimonia-transladasaun-restu-mortal-bispu-nain-tolu/,2026-08-31T02:49:47,"DILI, 31 Agustu 2026 (TATOLI) –  Komandante PNTL Munisípiu Dili, Komisáriu Asisténte Polísia Orlando Gomes, fó-sai katak, komandu prepara efetivu rihun-ida asegura serimónia transladasaun Amu Bispu na’in-tolu husi rai li&#8217;ur mai Timor -Leste. Amu na&#8217;in-tolu nia restu mortál mak hanesan Dom Jaime Garcia Goulart, Bispu Dom Joaquim Ribeiro no Monseñor Martinho Costa Lopes sei to’o ... 
 The post  PNTL hatún efetivu rihun-ida asegura transladasaun restu mortál Bispu na’in-tolu  appeared first on  TATOLI Agência Noticiosa de Timor-Leste .",2026-08-31T13:46:25.589264,"DILI, 31 Agustu 2026 (TATOLI) – Komandante PNTL Munisípiu Dili, Komisáriu Asisténte Polísia Orlando Gomes, fó-sai katak, komandu prepara efetivu rihun-ida asegura serimónia transladasaun Amu Bispu na’in-tolu husi rai li’ur mai Timor -Leste. Amu na’in-tolu nia restu mortál mak hanesan Dom Jaime Garcia Goulart, Bispu Dom Joaquim Ribeiro no Monseñor Martinho Costa Lopes sei to’o iha Aeroportu Internasionál Nicolau Lobato iha loron (01/9), nune’e PNTL prepara efetivu husi Munisípiu Dili na’in 400-resin hetan apoiu husi efetivu Unidade Espesiál, Kuartél Jerál, Unidade Polísia Marítima hodi apoia seguransa simu restu mortál hahú husi Aeroportu, Tasi Tolu, ba to’o Manatutu, lori fali mai Dili no to’o serimónia fúnebre. “Komandu Munisípiu Dili ita hasai ona orden alerta 2 tanba ita mós iha 400-itál ho mós Unidade Espesiál Polísia ho tán Unidade Maritima ho Kuartél Jerál ita bele dehan katak ita bele hatún efetivu 1000 hanesan ne’e atubele asegura ita-nia situasaun seguransa,” Orlando Gomes hateten ba jornalista sira hafoin dirije parada jerál ba seguransa simu restu mortál Amu Bispu na’in-tolu husi rai-li’ur mak Dili ne’ebé halo iha Komandu PNTL, Kaikoli, segunda ne’e. Nia dehan, iha operasaun seguransa ba serimónia ida ne’e la’ós polísia mesak maibé sei apoiu mós husi F-FDTL iha jestaun ne’e Polísia Mlitár sei apoiu hamutuk hodi halo eskolta asegura mós restu mortal. “Tanba ne’e ita-nia membru sei barak, ita-nia planu operasaun ne’ebé iha sei asegura husi Dili ba to’o iha Manatutu, Laleia ne’e, ita sei asegura movimentu iha dalan ka rota ne’ebé ita define ona, ita sei asegura bainhira lori fila-fali mai mós seguru,” nia afirma. Nia esplika, bazea ba planu operasaun ne’ebé mak atribui ba Komandu Munisípiu Dili nu’udar Komandu tatikál iha terrenu, tanba ne’e ohin realiza parada konjunta entre Munisípiu Dili komandu Unidade Espesiál Polísia ho Komandu Jerál. “Ohin ita breafing ba iha planu operasaun tátiku ninian ba iha membru sira tomak ba komandante tátiku iha terrenu hotu atu nune’e sira tenke kumpre no responsabilidade ne’ebé mak iha liuliu ba planu seguransa atu nune’e ita bele asegura seguransa durante vizita ita nian testu mortál mai iha Dili to’o iha serimónia fúnebre,” nia informa. Orlando hateten, iha planu operasaun nasionál termina tiha ona rute hahú husi Aeroportu, Tasi Tolu no mós movimetu ba fatin sira neebé mak terminadu husi programadu husi Igreja. “Tuir planu katak dalan sira ne’ebé bainhira ita-nia restu mortál liu ita sei taka depois liu hotu loke normál hanesan bainbain. Ne’ebé movimentu transporte bele la’o maibé kuandu testu mortál liu ita sei taka,” nia dehan. Nia dehan, restu mortál Biapu Dom Alberto Ricardo sei sai husi Maloa ba Tasi-Tolu, maibé movimentu Tum Tum sei iha ne’ebá nu’udar komandante Munisípiu Dili orienta ona ba iha komandante tránzitu atu agora kedan orienta ba iha Tum Tum, para iha Joao Paulo nian kotuk. “Ita tenke dignifika ita-nia testu mortál ne’e, hanesan Dom Martinho nia ne’e erói,” nia afirma. Orlando husu ba membru PNTL sira atu fó seguransa ne’ebé disiplina, kuandu fó seguransa tenke tau farda no tau aas interese estadu nian boot liu buat hotu, tane aas responsabilidade no proteje direitu sidadaun nian ida ne’e mak importante, hala’o tuir orden ne’ebé komandu fó. Notisia relevante: PM Xanana simu restu mortál bispu na’in-tolu iha Bali no 1 setembru to’o Dili Jornalista: Natalino Costa Editór: Evaristo Soares Martins",Home,https://tatoli.tl/wp-content/uploads/2026/08/PNTL-1.jpg,pntl hat n efetivu rihun ida asegura transladasaun restu mort l bispu na in tolu dili 31 agustu 2026 tatoli komandante pntl munis piu dili komis riu asist nte pol sia orlando gomes f sai katak komandu prepara efetivu rihun ida asegura serim nia transladasaun amu bispu na in tolu husi rai li ur mai timor leste amu na in tolu nia restu mort l mak hanesan dom jaime garcia goulart bispu dom joaquim ribeiro no monse or martinho costa lopes sei to o iha aeroportu internasion l nicolau lobato iha loron 01 9 nune e pntl prepara efetivu husi munis piu dili na in 400 resin hetan apoiu husi efetivu unidade espesi l kuart l jer l unidade pol sia mar tima hodi apoia seguransa simu restu mort l hah husi aeroportu tasi tolu ba to o manatutu lori fali mai dili no to o serim nia f nebre komandu munis piu dili ita hasai ona orden alerta 2 tanba ita m s iha 400 it l ho m s unidade espesi l pol sia ho t n unidade maritima ho kuart l jer l ita bele dehan katak ita bele hat n efetivu 1000 hanesan ne e atubele asegura ita nia situasaun seguransa orlando gomes hateten ba jornalista sira hafoin dirije parada jer l ba seguransa simu restu mort l amu bispu na in tolu husi rai li ur mak dili ne eb halo iha komandu pntl kaikoli segunda ne e nia dehan iha operasaun seguransa ba serim nia ida ne e la s pol sia mesak maib sei apoiu m s husi f fdtl iha jestaun ne e pol sia mlit r sei apoiu hamutuk hodi halo eskolta asegura m s restu mortal tanba ne e ita nia membru sei barak ita nia planu operasaun ne eb iha sei asegura husi dili ba to o iha manatutu laleia ne e ita sei asegura movimentu iha dalan ka rota ne eb ita define ona ita sei asegura bainhira lori fila fali mai m s seguru nia afirma nia esplika bazea ba planu operasaun ne eb mak atribui ba komandu munis piu dili nu udar komandu tatik l iha terrenu tanba ne e ohin realiza parada konjunta entre munis piu dili komandu unidade espesi l pol sia ho komandu jer l ohin ita breafing ba iha planu operasaun t tiku ninian ba iha membru sira tomak ba komandante t tiku iha terrenu hotu atu nune e sira tenke kumpre no responsabilidade ne eb mak iha liuliu ba planu seguransa atu nune e ita bele asegura seguransa durante vizita ita nian testu mort l mai iha dili to o iha serim nia f nebre nia informa orlando hateten iha planu operasaun nasion l termina tiha ona rute hah husi aeroportu tasi tolu no m s movimetu ba fatin sira neeb mak terminadu husi programadu husi igreja tuir planu katak dalan sira ne eb bainhira ita nia restu mort l liu ita sei taka depois liu hotu loke norm l hanesan bainbain ne eb movimentu transporte bele la o maib kuandu testu mort l liu ita sei taka nia dehan nia dehan restu mort l biapu dom alberto ricardo sei sai husi maloa ba tasi tolu maib movimentu tum tum sei iha ne eb nu udar komandante munis piu dili orienta ona ba iha komandante tr nzitu atu agora kedan orienta ba iha tum tum para iha joao paulo nian kotuk ita tenke dignifika ita nia testu mort l ne e hanesan dom martinho nia ne e er i nia afirma orlando husu ba membru pntl sira atu f seguransa ne eb disiplina kuandu f seguransa tenke tau farda no tau aas interese estadu nian boot liu buat hotu tane aas responsabilidade no proteje direitu sidadaun nian ida ne e mak importante hala o tuir orden ne eb komandu f notisia relevante pm xanana simu restu mort l bispu na in tolu iha bali no 1 setembru to o dili jornalista natalino costa edit r evaristo soares martins,tet,pntl hat efetivu rihu asegura transladasau restu mort bispu dili agustu 2026 tatoli komandante pntl munis piu dili komis riu asist nte pol sia orlando gomes sai komandu prepara efetivu rihu asegura serim transladasau bispu rai mai timor leste restu mort mak dom jaime garcia goulart bispu dom joaquim ribeiro monse martinho costa lopes aeroportu internasio nicolau lobato nune pntl prepara efetivu munis piu dili 400 resi heta apoiu efetivu unidade espesi kuart jer unidade pol sia mar tima apoia seguransa simu restu mort hah aeroportu tasi manatutu lori fali mai dili serim nebre komandu munis piu dili hasai orde alerta 400 unidade espesi pol sia unidade maritima kuart jer hat efetivu 1000 atubele asegura situasau seguransa orlando gomes hatete hafoi dirije parada jer seguransa simu restu mort bispu rai mak dili halo komandu pntl kaikoli segunda operasau seguransa serim pol sia mesak maib apoiu fdtl jestau pol sia mlit apoiu hamutuk halo eskolta asegura restu mortal membru barak planu operasau asegura dili manatutu laleia asegura movimentu dala rota define asegura lori fila fali mai seguru afirma esplika bazea planu operasau mak atribui komandu munis piu dili udar komandu tatik terrenu ohin realiza parada konjunta entre munis piu dili komandu unidade espesi pol sia komandu jer ohin breafing planu operasau tiku ninia membru tomak komandante tiku terrenu nune tenke kumpre responsabilidade mak liuliu planu seguransa nune asegura seguransa durante vizita testu mort mai dili serim nebre informa orlando hatete planu operasau nasio termi tiha rute hah aeroportu tasi movimetu fati neeb mak terminadu programadu igreja planu dala restu mort liu taka depois liu loke norm bainbai movimentu transporte maib kuandu testu mort liu taka restu mort biapu dom alberto ricardo sai maloa tasi maib movimentu tum tum udar komandante munis piu dili orienta komandante nzitu agora keda orienta tum tum para joao paulo kotuk tenke dignifika testu mort dom martinho afirma orlando husu membru pntl seguransa disipli kuandu seguransa tenke tau farda tau aas interese estadu liu tane aas responsabilidade proteje direitu sidadau mak importante hala orde komandu relevante xana simu restu mort bispu bali setembru dili natalino costa edit evaristo soares martins,353,5
b9668b052a418d7f,Tatoli,"SEFOPE rejista remesa husi traballadór timoroan iha Korea hamutuk $376.790,00",https://tatoli.tl/2026/08/31/sefope-rejista-remesa-husi-traballador-timoroan-iha-korea-hamutuk-376-79000/,2026-08-31T04:53:40,"DILI, 31 Agostu 2026 (TATOLI)—Sekretáriu Estadu Formasaun Profisionál no Empregu (SEFOPE) liuhusi Diresaun Nasionál Empregu Estranjeiru (DNEE) rejista remesa husi traballadór timoroan ne&#8217;ebé servisu iha Korea Súl iha tinan 2026 ne’e hamutuk $376.790,00 Diretór Diresaun Nasionál Emoregu Estranjeiru, João Correia Pereira, iha trimestre dahuluk no daruak ne’e traballadór timoroan sira-ne’ebé servisu iha Korea. &#8220;Totál remesa ... 
 The post  SEFOPE rejista remesa husi traballadór timoroan iha Korea hamutuk $376.790,00  appeared first on  TATOLI Agência Noticiosa de Timor-Leste .",2026-08-31T13:56:58.485446,"DILI, 31 Agostu 2026 (TATOLI)— Sekretáriu Estadu Formasaun Profisionál no Empregu (SEFOPE) liuhusi Diresaun Nasionál Empregu Estranjeiru (DNEE) rejista remesa husi traballadór timoroan ne’ebé servisu iha Korea Súl iha tinan 2026 ne’e hamutuk $376.790,00 Diretór Diresaun Nasionál Emoregu Estranjeiru, João Correia Pereira, iha trimestre dahuluk no daruak ne’e traballadór timoroan sira-ne’ebé servisu iha Korea. “Totál remesa ne’ebé ohin ha’u temi ne’e kompostu husi ttimestre dahuluk nian hamutuk $161.000,00 no ttimestre daruak nian hamutuk $215.790,00. Enkuantu fulan-Jullu to’o Agostu nian seidauk iha,” Diretór DNEE ne’e relata ba Agência Tatoli iha nia kna’ar fatin, City 8, Manleuana, ohin. Nia hatutan, remesa ne’ebé iha kontribui husi traballadór timoroan hamutuk na’in-36 ne’ebé hirak ne’e mesak mane hotu kedas. Remesa husi timoroan iha Austrália Enkuantu, nia dehan remesa ne’ebé kontribui husi traballadór timoroan sira iha Austrália hamutuk $17.146.437,42, ne’ebé kompostu husi trimestre dahuluk hamutuk $5.806.959,80, trimestre daruak hamutuk $9,531,185.62 no trimestre datolu hamutuk $1.808.292,00. “Remesa ne’e kontribui husi traballadór timoroan hamutuk 2.505 ne’ebé kompostu husi mane hamutuk na’in-1548 no feto hamutuk na’in-944,” nia dehan. Jornalista : Alexandra da Costa Editór        : Cancio Ximenes",Home,https://tatoli.tl/wp-content/uploads/2025/03/IMG_0095.jpg,sefope rejista remesa husi traballad r timoroan iha korea hamutuk 376 790 00 dili 31 agostu 2026 tatoli sekret riu estadu formasaun profision l no empregu sefope liuhusi diresaun nasion l empregu estranjeiru dnee rejista remesa husi traballad r timoroan ne eb servisu iha korea s l iha tinan 2026 ne e hamutuk 376 790 00 diret r diresaun nasion l emoregu estranjeiru jo o correia pereira iha trimestre dahuluk no daruak ne e traballad r timoroan sira ne eb servisu iha korea tot l remesa ne eb ohin ha u temi ne e kompostu husi ttimestre dahuluk nian hamutuk 161 000 00 no ttimestre daruak nian hamutuk 215 790 00 enkuantu fulan jullu to o agostu nian seidauk iha diret r dnee ne e relata ba ag ncia tatoli iha nia kna ar fatin city 8 manleuana ohin nia hatutan remesa ne eb iha kontribui husi traballad r timoroan hamutuk na in 36 ne eb hirak ne e mesak mane hotu kedas remesa husi timoroan iha austr lia enkuantu nia dehan remesa ne eb kontribui husi traballad r timoroan sira iha austr lia hamutuk 17 146 437 42 ne eb kompostu husi trimestre dahuluk hamutuk 5 806 959 80 trimestre daruak hamutuk 9 531 185 62 no trimestre datolu hamutuk 1 808 292 00 remesa ne e kontribui husi traballad r timoroan hamutuk 2 505 ne eb kompostu husi mane hamutuk na in 1548 no feto hamutuk na in 944 nia dehan jornalista alexandra da costa edit r cancio ximenes,tet,sefope rejista remesa traballad timoroa korea hamutuk 376 790 dili agostu 2026 tatoli sekret riu estadu formasau profisio empregu sefope liuhusi diresau nasio empregu estranjeiru dnee rejista remesa traballad timoroa servisu korea 2026 hamutuk 376 790 diret diresau nasio emoregu estranjeiru correia pereira trimestre dahuluk daruak traballad timoroa servisu korea tot remesa ohin temi kompostu ttimestre dahuluk hamutuk 161 000 ttimestre daruak hamutuk 215 790 enkuantu jullu agostu diret dnee relata ncia tatoli kna fati city manleua ohin hatuta remesa kontribui traballad timoroa hamutuk hirak mesak mane kedas remesa timoroa austr lia enkuantu remesa kontribui traballad timoroa austr lia hamutuk 146 437 kompostu trimestre dahuluk hamutuk 806 959 trimestre daruak hamutuk 531 185 trimestre datolu hamutuk 808 292 remesa kontribui traballad timoroa hamutuk 505 kompostu mane hamutuk 1548 feto hamutuk 944 alexandra costa edit cancio ximenes,136,2
