news_id,source,title,link,published_at,summary,fetched_at,content,category,image_url
66e534b4d3c793a9,Tatoli,Loron Konsulta Populár “Pinta raan ba Ukun-Rasik-An”,https://tatoli.tl/2026/08/30/loron-konsulta-popular-pinta-raan-ba-ukun-rasik-an/,2026-08-30T02:27:28,"“Iha loron bé temi nafatin. Sira moris iha memória enkuadra ho istória família, prezerva iha orasaun no pasa hosi jerasaun ida ba jerasaun tuirmai.” OPINIAUN ida-ne’e direitu hakerek-na&#8217;in nia hanoin pesoál no la reprezenta hanoin hosi instituisaun ne’ebé ha’u serbisu ba. Artigu ida ne’e dedika espesifiku hanesan sinal gratidaun no respeitu klean ba saudozu no ... 
 The post  Loron Konsulta Populár “Pinta raan ba Ukun-Rasik-An”  appeared first on  TATOLI Agência Noticiosa de Timor-Leste .",2026-08-31T00:37:31.551751,,,
68eb1ec81ad36a83,Tatoli,"PM Xanana vizita CTC Bali, hametin protesaun biodiversidade mariña",https://tatoli.tl/2026/08/30/pm-xanana-vizita-ctc-bali-hametin-protesaun-biodiversidade-marina/,2026-08-30T01:37:59,"DILI, 30 agostu 2026 (TATOLI) – Primeiru-Ministru (PM) Kay Rala Xanana Gusmão sesta ne&#8217;e vizita Coral Triangle Center (CTC) iha Sanur, Bali, Indonézia hodi haree diretamente programa no servisu konservasaun mariña. Iha vizita ne&#8217;e, PM Xanana foku ba protesaun biodiversidade no jestaun rekursu tasi ne&#8217;ebé sustentável. PM Xanana konsidera tasi no rekursu mariña la’ós de&#8217;it ... 
 The post  PM Xanana vizita CTC Bali, hametin protesaun biodiversidade mariña  appeared first on  TATOLI Agência Noticiosa de Timor-Leste .",2026-08-31T00:37:31.551751,,,
4ab7efe3979fb52a,Tatoli,PM Xanana simu restu mortál bispu na’in-tolu iha Bali no 1 setembru to’o Dili,https://tatoli.tl/2026/08/30/pm-xanana-simu-restu-mortal-bispu-nain-tolu-iha-bali-no-aban-too-dili/,2026-08-30T01:27:04,"DILI, 30 Agostu 2026 (TATOLI) — Primeiru-Ministru (PM), Kay Rala Xanana Gusmão, sábadu ne’e ofisialmente simu restu mortál Bispu Timoroan na’in-tolu, mak hanesan Bispu Dom Jaime Garcia Goulart, Bispu Dom José Joaquim Ribeiro no Monseñor Martinho da Costa Lopes, iha Aeroportu Internasionál Ngurah Rai, Bali, Indonézia no Loron 1 fulan-setembru tinan 2026 – preladu sira-nia ... 
 The post  PM Xanana simu restu mortál bispu na’in-tolu iha Bali no 1 setembru to’o Dili  appeared first on  TATOLI Agência Noticiosa de Timor-Leste .",2026-08-31T00:37:31.551751,,,
7acd1309dafdc210,Tatoli,Tinan 27 Konsulta Populár: Salvaguarda liberdade no unidade ho responsabilidade,https://tatoli.tl/2026/08/30/tinan-27-konsulta-popular-salvaguarda-liberdade-no-unidade-ho-responsabilidade/,2026-08-30T00:44:42,"DILI, 30 Agostu 2026 (TATOLI) — Tinan ruanulu-resin-hitu liu tiha ona dezde Konsulta Populár iha loron 30 Agostu 1999. Loron istóriku ne’e marka istória ida tanba povu determina futuru liuhosi prosesu ida ne’ebé loke dalan ba Timor-Leste nia independénsia. Rezultadu hosi luta ne’e moris hosi unidade, korajen, sakrifísiu no esperansa ne’ebé povu mantein durante tinan ... 
 The post  Tinan 27 Konsulta Populár: Salvaguarda liberdade no unidade ho responsabilidade  appeared first on  TATOLI Agência Noticiosa de Timor-Leste .",2026-08-31T00:37:31.551751,,,
a65fb689ab634db3,Tatoli,"Númeru mate iha Nepál sa’e ba 579, Obriga partidu polítiku sira adota rezolusaun pontu 10",https://tatoli.tl/2026/08/29/numeru-mate-iha-nepal-sae-ba-579-obriga-partidu-politiku-sira-adota-rezolusaun-pontu-10/,2026-08-29T03:35:17,"DILI, 29 Agostu 2026 (TATOLI) – Autoridade Nasionál Redusaun no Jestaun Risku Dezastre Nepál nian relata katak mate-isin hamutuk 579 mak hetan ona iha área sira ne&#8217;ebé afetadu hosi inundasaun no ema na&#8217;in 1.924 mak sei lakon. Ho inundasaun inesperadu ne’e obriga partidu polítiku sira adota ona rezolusaun komún ho pontu 10. Enkontru ne&#8217;e espresa ... 
 The post  Númeru mate iha Nepál sa’e ba 579, Obriga partidu polítiku sira adota rezolusaun pontu 10  appeared first on  TATOLI Agência Noticiosa de Timor-Leste .",2026-08-31T00:37:31.551751,,,
9e2052460d7ca81a,Tatoli,Venezuela anunsia akordu petrolíferu ho EUA,https://tatoli.tl/2026/08/29/venezuela-anunsia-akordu-petroliferu-ho-eua/,2026-08-29T02:30:10,"DILI, 29 Agostu (TATOLI) – Venezuela fó-sai iha loron-sesta ne&#8217;e saida maka nia bolu “akordu istóriku ida” ho Governu norte-amerikanu hodi promove investimentu iha rekuperasaun no rekonstrusaun infraestrutura estratéjiku ba nia indústria idrokarbonetu sira. Iha nota imprensa, prezidente interinu Venezuela nian, Delcy Rodriguez, hatete katak akordu ne&#8217;e sei ajuda hametin relasaun bilaterál sira no fasilita ... 
 The post  Venezuela anunsia akordu petrolíferu ho EUA  appeared first on  TATOLI Agência Noticiosa de Timor-Leste .",2026-08-31T00:37:31.551751,,,
b1861d46a4132886,Tatoli,Xanana dezloka bá Indonézia kontinua negosiasaun ronda dahaat fronteira marítima,https://tatoli.tl/2026/08/29/xanana-dezloka-ba-indonezia-kontinua-negosiasaun-ronda-dahaat-fronteira-maritima/,2026-08-29T01:59:40,"DILI, 29 Agostu 2026 (TATOLI) – Ohin, Primeiru-Ministru, Kay Rala Xanana Gusmão, ho delegasaun dezloka bá Indonézia, hodi kontinua halo negosiasaun ronda dahhat kona-ba fronteira marítima entre país rua. Iha loron-sesta ne’e, Xefe Governu fó-sai katak nia bá Indonézia atu kontinua negosiasaun fronteira marírima ho Indonézia. “Kona-ba ita-nia fronteira marítima ho Indonézia&#8221;, nia hatete iha ... 
 The post  Xanana dezloka bá Indonézia kontinua negosiasaun ronda dahaat fronteira marítima  appeared first on  TATOLI Agência Noticiosa de Timor-Leste .",2026-08-31T00:37:31.551751,,,
013ec06f4e76bca6,Tatoli,Cristina Ximenes sai primeiru lugar iha kompetisaun hakerek kriativu,https://tatoli.tl/2026/08/28/cristina-ximenes-sai-primeiru-lugar-iha-kompetisaun-hakerek-kriativu/,2026-08-28T14:59:58,"DILI, 28 Agostu 2026 (TATOLI)—Jornalista husi jornál INDEPENDENTE, Cristina Ximenes, sai primeiru lugar iha Kompetisaun Hakerek Kriativu ne’ebé Ajénsia Notisioza Timor-Leste TATOLI, I.P. organiza hodi komemora aniversáriu TATOLI, I.P. nian ba da-10 ho tema &#8220;Inovasaun, Krebilidade no Transformasaun Dijitál”. Atividade ne’e organiza ho objetivu mak atu fó espasu ba jornalista sira hodi dezenvolve no hatudu ... 
 The post  Cristina Ximenes sai primeiru lugar iha kompetisaun hakerek kriativu  appeared first on  TATOLI Agência Noticiosa de Timor-Leste .",2026-08-31T00:37:31.551751,,,
4644416cd64a271e,Tatoli,“Konsulta populár loron istóriku ne’ebé lori ita halo reflesaun ho kle’an”,https://tatoli.tl/2026/08/28/konsulta-popular-loron-istoriku-neebe-lori-ita-halo-reflesaun-ho-klean/,2026-08-28T14:59:27,"DILI, 28 Agostu 2026 (TATOLI)—Prezidente Konsellu Diretivu TATOLI, Noémio Falcão, hateten Timor-Leste selebra loron konsulta populár ba da-27 ne’e hanesan reflesaun ida atu timoroan aprende husi luta, sakrifísiu povu nian no oinsá uza liberdade hodi harii nasaun ne&#8217;ebé justu, demokrátiku no prospéru. &#8220;Loron konsulta populár sai hanesan momentu ida-ne&#8217;ebé marka desizaun Timor-Leste nian atu determina ... 
 The post  “Konsulta populár loron istóriku ne&#8217;ebé lori ita halo reflesaun ho kle’an”  appeared first on  TATOLI Agência Noticiosa de Timor-Leste .",2026-08-31T00:37:31.551751,,,
5e5885db27da76d6,Tatoli,FFTL selebra kontratu ho Treinadór 24 ba Sentru Juvenil iha Munisípiu,https://tatoli.tl/2026/08/28/fftl-selebra-kontratu-ho-treinador-24-ba-sentru-juvenil-iha-munisipiu/,2026-08-28T14:59:21,"DILI, 28 Agostu 2026 (TATOLI)– Federasaun Futeból Timor-Leste (FFTL) selebra ona kontratu ho treinadór hamutuk na’in-24 hodi reativa fali sentru juvenil iha baze no kada Asosiasaun Futeból Munisípiu. Sentru ne&#8217;e foku ba kategoria Sub-13 to’o 15 ba mane no feto. Serimónia selebrasaun kontratu ne’e hala’o sesta ne&#8217;e iha edifisiu FFTL, no prezensa husi Sekretáriu Jerál ... 
 The post  FFTL selebra kontratu ho Treinadór 24 ba Sentru Juvenil iha Munisípiu  appeared first on  TATOLI Agência Noticiosa de Timor-Leste .",2026-08-31T00:37:31.551751,,,
59a4399fc39fb7c6,Tatoli,Venezuela anunsia akordu petrolíferu ho EUA vigora durante tinan 25,https://tatoli.tl/2026/08/31/venezuela-anunsia-akordu-petroliferu-ho-eua-vigora-durante-tinan-25/,2026-08-31T04:42:42,"DILI, 31 Agostu 2026 (TATOLI) – Prezidente interinu Venezuela nian, Delcy Rodriguez, fó-sai katak, akordu ida kona-ba petróleu ne&#8217;ebé hetan ho EUA sei vigora nafatin durante tinan 25 no hakarak aumenta produsaun petróleu loron-loron nasaun nian ba liu barríl millaun 1,5. Bainhira ko&#8217;alia ba emizora ​​estatál VTV, iha loron-sábadu, Rodriguez komenta kona-ba saida maka nia ... 
 The post  Venezuela anunsia akordu petrolíferu ho EUA vigora durante tinan 25  appeared first on  TATOLI Agência Noticiosa de Timor-Leste .",2026-08-31T13:46:25.589264,"DILI, 31 Agostu 2026 (TATOLI) – Prezidente interinu Venezuela nian, Delcy Rodriguez, fó-sai katak, akordu ida kona-ba petróleu ne’ebé hetan ho EUA sei vigora nafatin durante tinan 25 no hakarak aumenta produsaun petróleu loron-loron nasaun nian ba liu barríl millaun 1,5. Bainhira ko’alia ba emizora ​​estatál VTV, iha loron-sábadu, Rodriguez komenta kona-ba saida maka nia deskreve hanesan akordu petróleu “istóriku” ne’ebé hetan ho EUA. Rodriguez hatete katak akordu ne’e sei vigora nafatin durante tinan 25 no hakarak hasa’e produsaun petróleu loroloron nian liu barríl millaun 1,5. “Ami-nia objetivu maka avansa liután ho asinatura hosi akordu boot sira seluk ne’ebé envolve empreza jigante sira hanesan Chevron, Repsol, Eni, Shell ho BP. Ami hakarak sai hanesan poténsia enerjétiku ida,” nia hatete. “Iha termu konkretu, ida-ne’e signifika katak maizumenus $19 ba kada barríl ne’ebé prodús no fa’an sei ba diretamente ba ita-nia rain.” Bainhira ko’alia kona-ba kontribuisaun ne’ebé hein hosi akordu ba ekonomia Venezuela nian, Rodriguez hatete katak, bazea ba folin petróleu nian ida ho dolár 65 kada barríl, nasaun ne’e bele hamosu reseita dolár tokon  $209,335 hosi akordu ne’e. Rodriguez hatete katak projetu ne’e kobre dezenvolvimentu hosi kampu petróleu brutu ualu iha Orinoco Oil Belt, ne’ebé maka hale’u liu kilómetru kuadradu 55,000 (21,235 millas kuadradu) iha leste no leste-sentrál Venezuela nian. Nia hatete katak akordu prevee taxa royalty ida pelumenus 16% no taxa impostu rendimentu ida 34%, hodi hatutan katak termu sira-ne’e sei aselera rekuperasaun ekonómika Venezuela nian. Rodriguez agradese ba Prezidente Estadus Unidus nian Donald Trump no Sekretáriu Estadu Estadus Unidus nian Marco Rubio ba sira-nia esforsu sira hodi hetan akordu, hodi hatete katak “parte ida-idak kontribui ho saida maka sira halo di’akliu.” “Tenki sai klaru tebes katak Venezuela mantein propriedade no soberania ba nia rekursu sira,” nia hatete. Rodriguez hatutan tán katak EUA sei fornese kapitál, teknolojia no kapasidade operasionál hodi aselera rekuperasaun setór estratéjiku petrolíferu Venezuela nian, ne’ebé afetadu maka’as hosi sansaun sira. Subliña katak Governu sei sai transparente ho venezuelanu sira, Rodriguez hatete katak sira “iha direitu atu hatene investimentu hira maka prodús, reseita hira maka Estadu simu no saida maka kondisaun sira ba operadór sira.” Trump hatete iha loron-sesta ne’e katak Washington finaliza ona akordu ida ho Venezuela hodi asegura kontrolu maioria ba rezerva petróleu nian ne’ebé komprovadu liu barríl billaun 65. “Estadus Unidus Amérika foin tama iha akordu ida ho nasaun Venezuela kona-ba akordu petróleu boot liu iha istória mundiál”, nia hakerek iha ninia plataforma mídia sosiál Truth Social. Nia fó kréditu ba Rubio no Sekretáriu Defeza Pete Hegseth tanba serbisu hamutuk ho Rodriguez hodi finaliza tranzasaun. Rodriguez asume prezidénsia interinu iha fulan-Janeiru hafoin operasaun militár norte-amerikanu ida kaptura Prezidente Nicolás Maduro. Trump afirma katak akordu ne’e hetan liuhosi parseria ida ho indústria privada no sei la envolve kustu ba kontribuinte amerikanu sira. Nia afirma katak tranzasaun ne’e duplika liu rezerva petróleu sira ne’ebé eziste iha EUA no sei “hamenus maka’as folin gás nian” ba ema amerikanu sira iha tempu naruk, enkuantu promove prosperidade iha nasaun súl-amerikanu. Akordu ne’e sei hametin relasaun ne’ebé evolui lalais entre Washington ho Caracas, hatete hosi Trump. Rubio hatete katak akordu ne’e hanesan “vitória boot ida” ba nasaun rua, no katak sei lori investimentu privadu besik dolar biliaun 100 ba Venezuela. Notísia relevante: Venezuela anunsia akordu petrolíferu ho EUA",Home,https://tatoli.tl/wp-content/uploads/2026/01/thumbs_b_c_4f511f639d886d1f2374cf393d917214.jpg
5647fcd5cd5d0ad7,Tatoli,Tinan 2026: SEFOPE mobiliza ona traballadór timoroan ba rai-li’ur hamutuk 3.600,https://tatoli.tl/2026/08/31/sefopetraballador-timoroab/,2026-08-31T04:10:20,"DILI, 31 Agostu 2026 (TATOLI)—Sekretáriu Estadu Formasaun Profisionál no Empregu (SEFOPE) liuhusi Diresaun Nasionál Empregu Estranjeiru (DNEE) konsege mobiliza ona traballadór timoroan ba servisu iha Japaun, Korea Súl, Austrália no Nova zélandia iha tinan 2026 hamutuk 3.600. Traballadór timoroan hirak ne’e kompostu husi traballadór timoroan sira servisu iha Korea Súl hamutuk na&#8217;in-436, Austrália hamutuk na’in-3.116, ... 
 The post  Tinan 2026: SEFOPE mobiliza ona traballadór timoroan ba rai-li&#8217;ur hamutuk 3.600  appeared first on  TATOLI Agência Noticiosa de Timor-Leste .",2026-08-31T13:46:25.589264,"DILI, 31 Agostu 2026 (TATOLI)— Sekretáriu Estadu Formasaun Profisionál no Empregu (SEFOPE) liuhusi Diresaun Nasionál Empregu Estranjeiru (DNEE) konsege mobiliza ona traballadór timoroan ba servisu iha Japaun, Korea Súl, Austrália no Nova zélandia iha tinan 2026 hamutuk 3.600. Traballadór timoroan hirak ne’e kompostu husi traballadór timoroan sira servisu iha Korea Súl hamutuk na’in-436, Austrália hamutuk na’in-3.116, Japaun hamutuk 13 no Nova Zelándia hamutuk ema na’in-35. Diretór Diresaun Nasionál Empregu Estranjeiru, João Correia Pereira, hateten traballadór timoroan ne’ebé servisu iha Nova Zelándia liuhusi programa RSE 2026 hamutuk na’in-36 ne’ebé mesak mane de’it. Kona-ba traballadór timoroan ne’ebé servisu iha Japaun, nia informa, liuhusi programa OTIT hahú husi 2023-2026 hamutuk na’in-77 kompostu husi mane 71 no feto na’in-neen (6), enkuantu dadus 2026 nian totál traballaxór hamutuk 13,” nia hateten ba Agência Tatoli iha nia kna’ar fatin City 8, Manleuana, ohin. Nia dehan, traballadór hirak-ne’e ba servisu iha área soldadura, pintura, andamiu, perfurasaun no plamer. “Totál traballadór timoroan ne’ebé servisu iha Korea Súl hahú husi 2009-2026 hamutuk 8.095 ne’ebé kompostu husi mane 7.866, feto 229. Iha tinan 2026 ne’e, SEFOPE konsege mobiliza ona traballadór timoroan ba Korea hamutuk 436, kompostu husi área peska 314, fábrika 99 no agrikultura 32,” nia informa. Entretantu, traballadór timoroan ne’ebé servisu iha Austrália hahú husi 2012-2026 hamutuk 26.008, ne’ebé kompostu husi mane 18296 no feto 7.712, no traballadór foun iha na’in-11325 no tuan “re-entry” na’in-14.683. “Traballadór timoroan ne’ebé mate hamutuk 22, iha na’in-11 mate iha Austrália, na’in-11 seluk mate iha timoroa ho ninia kauza mak asidente no moras. Aleinde ne’e, traballadór ne’ebé hetan moras iha na’in-36,” nia hateten. Enkuantu, nia informa, totál traballadór ne’ebé halai sai husi sistema servisu ne’e hamutuk 1.456 ne’ebé kompostu husi mane na’in-1139 no feto 317. Jornalista : Alexandra da Costa Editór        : Cancio Ximenes",Home,https://tatoli.tl/wp-content/uploads/2025/03/IMG_0133.jpg
e63c26b7a14ca0a9,Tatoli,TL-EAU diskute kooperasaun bilaterál iha área saúde no Jestaun Inundasaun,https://tatoli.tl/2026/08/31/tl-eau-diskute-kooperasaun-bilateral-iha-area-saude-no-jestaun-inundasaun/,2026-08-31T03:54:33,"DILI, 31 Agostu 2026 (TATOLI)–Ministra Estadu iha Ministériu Negósiu Estranjeiru Emiradu Árabe Unids (EAU), Noura Al Kaabi, segunda ne&#8217;e, hasoru malu ho Prezidente Repúblika, José Ramos-Horta hodi diskute kooperasaun bilaterál iha área saúde no jestaun inundasaun. Iha enkontru ne&#8217;e, Ministra Noura hato&#8217;o mós kumprimentu husi lideransa EAU ba Xefe Estadu no povu Timor-Leste. &#8220;Ha&#8217;u mai ... 
 The post  TL-EAU diskute kooperasaun bilaterál iha área saúde no Jestaun Inundasaun  appeared first on  TATOLI Agência Noticiosa de Timor-Leste .",2026-08-31T13:46:25.589264,"DILI, 31 Agostu 2026 (TATOLI)– Ministra Estadu iha Ministériu Negósiu Estranjeiru Emiradu Árabe Unids (EAU), Noura Al Kaabi, segunda ne’e, hasoru malu ho Prezidente Repúblika, José Ramos-Horta hodi diskute kooperasaun bilaterál iha área saúde no jestaun inundasaun. Iha enkontru ne’e, Ministra Noura hato’o mós kumprimentu husi lideransa EAU ba Xefe Estadu no povu Timor-Leste. “Ha’u mai iha ne’e ba dala uluk. Ida-ne’e onra ida. Lori lideransa Emiradus Árabes Unidus nia naran, ha’u hato’o kumprimentu ba Ita-boot sira nia Prezidente, no ba povu Timor-Leste,” Ministra Noura hateten ba jornalista sira hafoin enkontru ramata iha Palásiu Prezidensiál Nicolau Lobato, Bairru Pite, Dili. Hametin Relasaun Bilaterál Ministra Noura relembra relasaun entre EAU no Timor-Leste durante tinan barak iha dezenvolvimentu sidade, edukasaun no saúde. “Iha tinan barak nia laran, ami servisu hamutuk kona-ba kondisaun sira, serbisu no dezenvolvimentu. Ida-ne’e iha área edukasaun sira-nian no saúde,” nia afirma. Nia subliña katak EAU prontu kontinua apoia Timor-Leste liuliu iha área saúde mentál no seguransa sosiál. Ministra Noura mós ko’alia kona-ba projetu kooperasaun ne’ebé EAU apoia iha Timor-Leste, inklui projetu kartaun ofisiál ne’ebé hetan apoiu husi Embaixadór Borough, Thomas King. Iha biban ne’e, parte rua diskute mós kona-ba preparasaun estudu ba sentru sidade no jestaun ba inundasaun. Nia dehan, enjeñeiru sira hala’o ona estudu detalladu kona-ba istória inundasaun hodi ajuda prepara rai ho di’ak-liu. Ministra Noura akompaña husi delegasaun EAU, inklui Embaixadór EAU ba Timor-Leste, Kamai Ned El Barak. Jornalista : Hortêncio Sanchez Editór        : Cancio Ximenes",Home,https://tatoli.tl/wp-content/uploads/2026/08/Z_51.jpg
46720389e39f7910,Tatoli,SECoop prepara kuda Bafo Kayrala substitui hahan seluk iha bailoro naruk,https://tatoli.tl/2026/08/31/secoop-prepara-kuda-bafo-kayrala-substitui-hahan-seluk-iha-bailoro-naruk/,2026-08-31T03:42:09,"DILI. 31 Agostu 2026 (TATOLI)—Sekretáriu Estadu Kooperativa (SECoop, sigla portugés), Arsénio Pereira, hateten ho mudansa klimátika bailoro naruk (elnino) ne’e sei fó impaktu ba buat hotu liuliu produsaun aihán, tanba ne&#8217;e sira prepara kuda Bafo Kayrala hodi substitui hahán seluk iha tempu bailoro naruk. &#8220;Ha&#8217;u hanoin buat ida fenomena natureza ne&#8217;e ninia efeitu la&#8217;ós de&#8217;it ... 
 The post  SECoop prepara kuda Bafo Kayrala substitui hahan seluk iha bailoro naruk  appeared first on  TATOLI Agência Noticiosa de Timor-Leste .",2026-08-31T13:46:25.589264,"DILI. 31 Agostu 2026 (TATOLI)— Sekretáriu Estadu Kooperativa (SECoop, sigla portugés), Arsénio Pereira, hateten ho mudansa klimátika bailoro naruk (elnino) ne’e sei fó impaktu ba buat hotu liuliu produsaun aihán, tanba ne’e sira prepara kuda Bafo Kayrala hodi substitui hahán seluk iha tempu bailoro naruk. “Ha’u hanoin buat ida fenomena natureza ne’e ninia efeitu la’ós de’it ba servisu SECooP nian maibé ne’e parte seluk mós katak la’ós de’it ba produsaun produtu kooperativa maibé ba mós balada no ema tanba bee maran no rai manas,” Sekretáriu Estadu ne’e informa ba jornalista sira iha edifísiu Korreiu, ohin. Nia dehan, mudansa klimátika elnino ne’e akontese sei fó impaktu ba buat moris hotu iha mundu. “ Wearning (avizu) ne’e husi ita-nia Prezidente Repúblika, José Ramos-Horta rasik no Estadu husi mundu tomak deklara katak ho akontesimentu bailoro naruk preparasaun saida mak ita sei halo,” nia relata. Tanba ne’e, nia konsidera natureza entaun Timor-Leste nia preparasaun la’ós atu kombate maibé bele halo mitigasaun, tanba dalaruma iha impaktu ba Timor-leste nia produsaun bele menu no bee mós maran. “Nune’e mak SECoop iha programa kuda Bafo Kayrala. Tanba sai hahán ne’ebé ita bele asegura (rezerva) tanba produtu ne’e bele moris mós iha tempu bailoro,” nia dehan. Jornalista : Alexandra da Costa Editór       : Cancio Ximenes",Home,https://tatoli.tl/wp-content/uploads/2026/05/WhatsApp-Image-2026-05-14-at-17.48.21.jpeg
add2299ca3bb0294,Tatoli,PNTL hatún efetivu rihun-ida asegura transladasaun restu mortál Bispu na’in-tolu,https://tatoli.tl/2026/08/31/pntl-hatun-efetivu-rihun-ida-asegura-seguransa-ba-serimonia-transladasaun-restu-mortal-bispu-nain-tolu/,2026-08-31T02:49:47,"DILI, 31 Agustu 2026 (TATOLI) –  Komandante PNTL Munisípiu Dili, Komisáriu Asisténte Polísia Orlando Gomes, fó-sai katak, komandu prepara efetivu rihun-ida asegura serimónia transladasaun Amu Bispu na’in-tolu husi rai li&#8217;ur mai Timor -Leste. Amu na&#8217;in-tolu nia restu mortál mak hanesan Dom Jaime Garcia Goulart, Bispu Dom Joaquim Ribeiro no Monseñor Martinho Costa Lopes sei to’o ... 
 The post  PNTL hatún efetivu rihun-ida asegura transladasaun restu mortál Bispu na’in-tolu  appeared first on  TATOLI Agência Noticiosa de Timor-Leste .",2026-08-31T13:46:25.589264,"DILI, 31 Agustu 2026 (TATOLI) – Komandante PNTL Munisípiu Dili, Komisáriu Asisténte Polísia Orlando Gomes, fó-sai katak, komandu prepara efetivu rihun-ida asegura serimónia transladasaun Amu Bispu na’in-tolu husi rai li’ur mai Timor -Leste. Amu na’in-tolu nia restu mortál mak hanesan Dom Jaime Garcia Goulart, Bispu Dom Joaquim Ribeiro no Monseñor Martinho Costa Lopes sei to’o iha Aeroportu Internasionál Nicolau Lobato iha loron (01/9), nune’e PNTL prepara efetivu husi Munisípiu Dili na’in 400-resin hetan apoiu husi efetivu Unidade Espesiál, Kuartél Jerál, Unidade Polísia Marítima hodi apoia seguransa simu restu mortál hahú husi Aeroportu, Tasi Tolu, ba to’o Manatutu, lori fali mai Dili no to’o serimónia fúnebre. “Komandu Munisípiu Dili ita hasai ona orden alerta 2 tanba ita mós iha 400-itál ho mós Unidade Espesiál Polísia ho tán Unidade Maritima ho Kuartél Jerál ita bele dehan katak ita bele hatún efetivu 1000 hanesan ne’e atubele asegura ita-nia situasaun seguransa,” Orlando Gomes hateten ba jornalista sira hafoin dirije parada jerál ba seguransa simu restu mortál Amu Bispu na’in-tolu husi rai-li’ur mak Dili ne’ebé halo iha Komandu PNTL, Kaikoli, segunda ne’e. Nia dehan, iha operasaun seguransa ba serimónia ida ne’e la’ós polísia mesak maibé sei apoiu mós husi F-FDTL iha jestaun ne’e Polísia Mlitár sei apoiu hamutuk hodi halo eskolta asegura mós restu mortal. “Tanba ne’e ita-nia membru sei barak, ita-nia planu operasaun ne’ebé iha sei asegura husi Dili ba to’o iha Manatutu, Laleia ne’e, ita sei asegura movimentu iha dalan ka rota ne’ebé ita define ona, ita sei asegura bainhira lori fila-fali mai mós seguru,” nia afirma. Nia esplika, bazea ba planu operasaun ne’ebé mak atribui ba Komandu Munisípiu Dili nu’udar Komandu tatikál iha terrenu, tanba ne’e ohin realiza parada konjunta entre Munisípiu Dili komandu Unidade Espesiál Polísia ho Komandu Jerál. “Ohin ita breafing ba iha planu operasaun tátiku ninian ba iha membru sira tomak ba komandante tátiku iha terrenu hotu atu nune’e sira tenke kumpre no responsabilidade ne’ebé mak iha liuliu ba planu seguransa atu nune’e ita bele asegura seguransa durante vizita ita nian testu mortál mai iha Dili to’o iha serimónia fúnebre,” nia informa. Orlando hateten, iha planu operasaun nasionál termina tiha ona rute hahú husi Aeroportu, Tasi Tolu no mós movimetu ba fatin sira neebé mak terminadu husi programadu husi Igreja. “Tuir planu katak dalan sira ne’ebé bainhira ita-nia restu mortál liu ita sei taka depois liu hotu loke normál hanesan bainbain. Ne’ebé movimentu transporte bele la’o maibé kuandu testu mortál liu ita sei taka,” nia dehan. Nia dehan, restu mortál Biapu Dom Alberto Ricardo sei sai husi Maloa ba Tasi-Tolu, maibé movimentu Tum Tum sei iha ne’ebá nu’udar komandante Munisípiu Dili orienta ona ba iha komandante tránzitu atu agora kedan orienta ba iha Tum Tum, para iha Joao Paulo nian kotuk. “Ita tenke dignifika ita-nia testu mortál ne’e, hanesan Dom Martinho nia ne’e erói,” nia afirma. Orlando husu ba membru PNTL sira atu fó seguransa ne’ebé disiplina, kuandu fó seguransa tenke tau farda no tau aas interese estadu nian boot liu buat hotu, tane aas responsabilidade no proteje direitu sidadaun nian ida ne’e mak importante, hala’o tuir orden ne’ebé komandu fó. Notisia relevante: PM Xanana simu restu mortál bispu na’in-tolu iha Bali no 1 setembru to’o Dili Jornalista: Natalino Costa Editór: Evaristo Soares Martins",Home,https://tatoli.tl/wp-content/uploads/2026/08/PNTL-1.jpg
b9668b052a418d7f,Tatoli,"SEFOPE rejista remesa husi traballadór timoroan iha Korea hamutuk $376.790,00",https://tatoli.tl/2026/08/31/sefope-rejista-remesa-husi-traballador-timoroan-iha-korea-hamutuk-376-79000/,2026-08-31T04:53:40,"DILI, 31 Agostu 2026 (TATOLI)—Sekretáriu Estadu Formasaun Profisionál no Empregu (SEFOPE) liuhusi Diresaun Nasionál Empregu Estranjeiru (DNEE) rejista remesa husi traballadór timoroan ne&#8217;ebé servisu iha Korea Súl iha tinan 2026 ne’e hamutuk $376.790,00 Diretór Diresaun Nasionál Emoregu Estranjeiru, João Correia Pereira, iha trimestre dahuluk no daruak ne’e traballadór timoroan sira-ne’ebé servisu iha Korea. &#8220;Totál remesa ... 
 The post  SEFOPE rejista remesa husi traballadór timoroan iha Korea hamutuk $376.790,00  appeared first on  TATOLI Agência Noticiosa de Timor-Leste .",2026-08-31T13:56:58.485446,"DILI, 31 Agostu 2026 (TATOLI)— Sekretáriu Estadu Formasaun Profisionál no Empregu (SEFOPE) liuhusi Diresaun Nasionál Empregu Estranjeiru (DNEE) rejista remesa husi traballadór timoroan ne’ebé servisu iha Korea Súl iha tinan 2026 ne’e hamutuk $376.790,00 Diretór Diresaun Nasionál Emoregu Estranjeiru, João Correia Pereira, iha trimestre dahuluk no daruak ne’e traballadór timoroan sira-ne’ebé servisu iha Korea. “Totál remesa ne’ebé ohin ha’u temi ne’e kompostu husi ttimestre dahuluk nian hamutuk $161.000,00 no ttimestre daruak nian hamutuk $215.790,00. Enkuantu fulan-Jullu to’o Agostu nian seidauk iha,” Diretór DNEE ne’e relata ba Agência Tatoli iha nia kna’ar fatin, City 8, Manleuana, ohin. Nia hatutan, remesa ne’ebé iha kontribui husi traballadór timoroan hamutuk na’in-36 ne’ebé hirak ne’e mesak mane hotu kedas. Remesa husi timoroan iha Austrália Enkuantu, nia dehan remesa ne’ebé kontribui husi traballadór timoroan sira iha Austrália hamutuk $17.146.437,42, ne’ebé kompostu husi trimestre dahuluk hamutuk $5.806.959,80, trimestre daruak hamutuk $9,531,185.62 no trimestre datolu hamutuk $1.808.292,00. “Remesa ne’e kontribui husi traballadór timoroan hamutuk 2.505 ne’ebé kompostu husi mane hamutuk na’in-1548 no feto hamutuk na’in-944,” nia dehan. Jornalista : Alexandra da Costa Editór        : Cancio Ximenes",Home,https://tatoli.tl/wp-content/uploads/2025/03/IMG_0095.jpg
