news_id,source,title,link,published_at,summary,content,category,image_url,fetched_at
66e534b4d3c793a9,Tatoli,Loron Konsulta Populár “Pinta raan ba Ukun-Rasik-An”,https://tatoli.tl/2026/08/30/loron-konsulta-popular-pinta-raan-ba-ukun-rasik-an/,2026-08-30T02:27:28,"“Iha loron bé temi nafatin. Sira moris iha memória enkuadra ho istória família, prezerva iha orasaun no pasa hosi jerasaun ida ba jerasaun tuirmai.” OPINIAUN ida-ne’e direitu hakerek-na&#8217;in nia hanoin pesoál no la reprezenta hanoin hosi instituisaun ne’ebé ha’u serbisu ba. Artigu ida ne’e dedika espesifiku hanesan sinal gratidaun no respeitu klean ba saudozu no ... 
 The post  Loron Konsulta Populár “Pinta raan ba Ukun-Rasik-An”  appeared first on  TATOLI Agência Noticiosa de Timor-Leste .","“ Iha loron bé temi nafatin . Sira moris iha memória enkuadra ho istória família, prezerva iha orasaun no pasa hosi jerasaun ida ba jerasaun tuirmai. ” OPINIAUN ida-ne’e direitu hakerek-na’in nia hanoin pesoál no la reprezenta hanoin hosi instituisaun ne’ebé ha’u serbisu ba. Artigu ida ne’e dedika espesifiku hanesan sinal gratidaun no respeitu klean ba saudozu no vitima sira hotu bé luta no sakrifisiu durante tinan 24 ba Timor Leste nia luta ba ukun rasik an. Ba povu Timor Leste, loron 30 fulan-Agostu tinan 1999, hanesan loron ida ne’ebé sei la lakon hosi istória. Iha loron ne’ebá, ema mai vota. Sira mai hosi foho ne’ebé dook. Balun la’o dook. Sira seluk mai ho família, lori sira nia oan ho esperansa iha sira nia fuan. Sira la mai tanba buat sira seguru kompletamente. Sira mai iha tensaun, ameasa no tauk nia leet. Maibé iha buat ida bé maka’as liu duké tauk ne’e: hakarak atu determina futuru rasik. “Hosi fatin ida ba fatin seluk”, Fraze ne’e rona simples maibé iha istória bé naruk. Iha esperansa ba moris ida lahó tauk. Iha hakarak atu hakiak labarik sira iha ambiente dame nian. Iha ideál ida katak ema hotu bele ko’alia, serbisu no moris iha sira nia rain rasik. Xamada ne’e konvida ema hotu atu partisipa no ezerse sira nia direitu. La importa sira mai hosi ne’ebé, saida maka sira nia sirkunstánsia, ka saida maka sira esperiénsia ona, ema hotu iha lian. Loron ne’ebá, povu mai ho sira-nia fuan rasik. Balun lori fiar, balun lori orasaun, balun mai ho tauk maibé sira koko nafatin atu hamriik metin. Sira hatene katak sira nia opsaun la’ós de’it marka ida iha surat-tahan. Ida-ne’e sei determina nasaun ida nia istória nia lala’ok. Konsulta Populár ne’e la’ós la’o iha espasu ne’ebé livre hosi sofrimentu. Iha prosesu pasadu iha esperiénsia moruk bé povu enfrenta durante tinan barak. Ema barak sai vítima ba violénsia. Ema balun oho, hetan tortura, abuzu, duni sai no obriga atu halai sai hosi sira-nia uma. Balun hetan ezíliu dook hosi knua. Sira haketak hosi rai, uma, jardín no moris ne’ebé sira harii iha tempu naruk nia laran. Família balu nunka hetan atu dehan adeus. Inan balun lori de’it oan. Aman balun sai sein hatene se sira nia uma sei hamriik nafatin bainhira sira fila. Iha katuas-ferik sira bé halai sai hosi knua tanba tauk atu ema oho sira. Sira sai tanba sirkunstánsia mak obriga. Ema balun halai ba ai-laran. Iha ne’ebá, sira subar iha ai-hun, ai-laran no foho-lolon sira nakukun. Ai-laran sai fatin subar, fatin ba ema sira bé la sente seguru ona iha uman rasik. Lian ki’ik liu halo família tomak nonook. Labarik sira hakilar taka metin sira nia ibun atu ema labele rona. Ema adultu sira koko atu hakalma maski sira rasik iha tauk hanesan. Rai sai kama, Lalehan sai uma-kakuluk no Ai-han menus dadauk. Bee tenke buka ho kuidadu. Família barak moris ho de’it saida mak sira bele lori ka hetan iha dalan. Iha sirkunstánsia hanesan ne’e, ema aprende signifikadu sobrevivénsia nian. Labarik sira sai vitima ba violensia ne’ebé sira la kompriende. Sira haree ema boot halai, tanis no subar. Sira haree uma ahi han no rona lian bé hatauk sira. Labarik hatene uma nu’udar fatin refújiu nian. Sira lakon eskola. Sira lakon belun di’ak. Sira lakon fatin halimar nian. Balun mós lakon inan-aman ka maun-alin sira ne’ebé nunka atu fila. Labarik barak tenke lori viajen tomak. Balun la’o ho ain ki’ik iha dalan bé naruk. Ema seluk hamlaha, kole no la komprende tansá sira tenke sai hosi uma. Sira hatene de’it katak ema boot sira hatete ba sira atu halai. Liafuan sira hanesan ne’e haree hanesan badak maibé ba labarik ida, sira bele sai memória bé sira lori ba moris tomak. Labarik sira la hili violénsia. Sira la hili deslokasaun. Sira la hili lakon. Maibé, sira tenke simu konsekuénsia hosi konflitu no tauk, tanba objetivu Ukun-Rasik-An. Sira nia infánsia nakonu ho imajen kona-ba uma bé sunu, dalan bé mamuk no família bé preokupadu. Balun moris hodi hanoin kona-ba sira bé lakon. Ema seluk aprende atu simu katak fatin bé uluk bolu uma karik sei nunka hanesan uluk. Ba katuas-ferik sai hosi uma ho kondisaun moras. Sira hatene dalan, ai-hun, fatuk, mota no kintál bé halo parte iha moris família nian. Uma ida-ne’e mak sira hakiak oan sira. Iha rai ida-ne’e mak sira serbisu. Iha jardín bé sira kuda ai-han. Iha knua bé sira hafolin memória hosi sira nia inan-aman no bei’ala sira. Maibé, buat hotu tenke hosik hela. Sira la’o ho kole lahó opsaun seluk. Balun tenke hetan apoiu hosi oan sira. Balun la’o ho ai-tonka. Balun lori de’it roupa balun. Sira sai tanba sira ta’uk ema oho sira. Sira hosik uma la’ós la hadomi maibé hakarak salva sira nia moris. Etapa ida bé sira halo susar tebes tan de’it sira nia idade, tan de’it lori tristeza bé la haree. Sira lori memória uma bé ahi han. Sira lori ansiedade oan no bei-oan sira. Sira lori pergunta kona-ba futuru. Maski hasoru situasaun bé susar, sira hakaʼas an nafatin. Uma bé hari’i ho ai. Iha ne’ebá mak ita moris. Bainhira uma ida ahi han, saida mak lakon la’ós de’it didin no uma-kakuluk. Saida mak estraga mak parte ida hosi istória família ida nian. Uma barak hetan sunu. Sasan sira lakon. Sasan sira na’ok ka labele salva. Dokumentu importante lakon. Roupa no sasán uma-laran hetan sunu. Sira fila ba knua ho liman mamuk. Laiha ona fatin atu rai roupa. Laiha ona meza atu han hamutuk. La iha ona kintál ba labarik sira atu halimar. Buat hotu bé hela bele sai didin bé monu, sasan sira nakfilak ba ahu-ruin. Inan ida nia matan-been suli bainhira nia la hetan oan nia sasan. Aman ida nia matan-been monu bainhira haree uma sai rahun. Katuas sira matan-been suli bainhira fatin bé uluk sai parte hosi moris la’ek ona. Matan-been sai sasin. Sira fó hanoin mai ita katak independénsia la moris ho fásil. Independénsia harii liuhosi aten-brani, sakrifísiu no sofrimentu umanu loloos. Iha momentu ne’ebá, UNAMET fo dalan ba povu Timor Loro Sa’e atu ezerse sira nia direitu. Misaun nia prezensa ajuda kria espasu ida ba povu atu mai no halo sira nia eskolla iha Konsulta Populár. Ba povu, estasaun votasaun sai espasu ida atu espresa vontade hafoin sira nia lian hetan supresaun ba tempu naruk tanba tauk. Iha liafuan hirak-ne’e iha paixaun ida atu prezente nu’udar sidadaun ho direitu. Sira la mai hanesan espetadór. Sira mai atu hola parte iha istória. Balun mai ho roupa simples. Balun lori kartaun identidade. Balun hamriik iha liña naruk. Ema seluk hein ho viziñu no família. Sira nia oin bele mosu nonook maibé iha laran, sira nakonu ho hanoin tanba presaun. Sira hanoin hela família. Sira hanoin kona-ba uma. Sira hanoin kona-ba sira ne’ebé lakon. Sira hanoin kona-ba labarik iha uma. Sira hanoin kona-ba sira nia rai ne’e nia futuru. Depois, ida-idak fó sira nia votu. Vota ne’e direitu ida. Maibé ba povu Timor Lorosa’e, direitu ne’e hetan liu hosi viajen bé naruk no risku. Futuru ida bé hakmatek la’ós ho fraze de’it. Ne’e mehi ida bé moris hosi esperiénsia violénsia nian. Sira bé moris iha tauk laran komprende di’ak liu signifikadu dame. Sira bé lakon uma komprende di’ak liu signifikadu abrigu nian. Sira bé haree ona labarik sai vítima komprende di’ak liu kona-ba importánsia protesaun nian. Votu ida bé mak fó lori esperansa katak moris sei muda. Vota ho fuan signifika hili ho konxiénsia, la’ós ho obrigasaun. Vota ho fuan signifika hanoin kona-ba jerasaun sira é sei moris. Vota ho fuan signifika hakarak moris diak ba labarik, familia no komunidade sira. Hili ida-ne’e nu’udar parte ida hosi viajen povu nian atu foti fali kontrolu ba futuru. Xamada ne’e maka’as. Ida-ne’e enkoraja povu atu labele entrega futuru ba tauk. Ne’e direitu ba ema hotu atu tuir no vota, maski hela iha sidade ka fphp, maski sira joven ka katuas. Iha liafuan ne’e iha espíritu ida atu fó espasu ba povu. Hili tenke komprende, komunika no simu hosi komunidade. Povu nia lian labele taka tanba de’it ko’alia lian oioin, hela iha fatin oioin ka iha esperiénsia oioin. Iha loron ne’ebá, povu ko’alia liuhosi opsaun. Konsulta Populár 30 Agostu 1999. Rezultadu fó sai iha 4 Setembru 1999. Povu maioria rejeita oferta autonomia espesiál no hili dalan ba ukun rasik-an. Rezultadu ne’e marka pontu sentrál ida iha istória Timor-Leste. Maibé, númeru no rezultadu ofisiál labele kaptura todan tomak bé povu lori bainhira mai vota. Iha votu ida mak istória família bé persevera. Iha opsaun ida mak sofrimentu hosi sira bé lakon uma. Iha vitória mak inan sira nia matan-been, labarik nia aten-barani no viajen naruk hosi katuas sira bé obrigadu atu hosik sira nia uman. Independénsia moris hosi lian povu nian maibé lian ne’e la hamriik mesak. Ne’e hetan fortalesimentu hosi sakrifísiu bé hetan oho, tortura, espulsaun, ezíliu no obrigadu atu halai. Ne’e mós hetan hametin hosi iha ai-laran, tau matan ba sira nia família no mantein esperansa iha destruisaun nia leet. Tanba ne’e, labele konsidera ukun-an nu’udar prezente ida. Ukun rasik a’an ne’e rezultadu hosi luta. Ida-ne’e mandatu ida. Ida-ne’e responsabilidade ida bé tenke tane aas hosi jerasaun hotu-hotu. Ohin, liutiha tinan barak, “To’o ona tempu ba ita atu hili” iha nafatin signifikadu maka’as. Uluk, ema hili futuru politiku. Agora, sosiedade dala ida tan hasoru ho opsaun iha moris loroloron. Hili lia-loos duké bosok. Hili dame duké ódiu. Hili unidade duké divizaun. Hili diálogu duké violénsia. Hili respeitu duké umillasaun. Hili esperansa duké dezesperu. Liberdade la’ós de’it livre hosi opresaun. Liberdade signifika mós bele harii moris ne’ebé respeita ema nia dignidade. Ida-ne’e signifika kria espasu ba labarik sira atu aprende ho seguru, ba família sira atu moris lahó ta’uk no ba sidadaun ida-idak atu espresa opiniaun ho responsabilidade. Liberdade tenke haburas liuhosi onestidade, justisa, edukasaun, solidariedade no respeitu ba istória. Ita presiza hanoin-hetan sira bé mate. Ita presiza hanoin sira bé tortura no ezíliu. Ita presiza hanoin fali família sira bé halai ba ai-laran. Ita presiza hanoin labarik sira bé lakon. Ita presiza hanoin-hetan katuas-ferik sira bé sai hosi uma no to’o agora la fila ba uma. Ita mós presiza hanoin-hetan uma bé sunu, sasán bé lakon, família bé haketak malu no matan-been bé fakar ba lakon hotu. Buat sira-ne’e hotu halo parte iha viajen ba liberdade, maibé hanoin-hetan terus laʼós katak rai hirus. Hanoin signifika asegura kanek atu la repete. Hanoin signifika fó onra ba vítima sira hodi harii futuru ida bé di’ak liu. Hanoin-hetan katak uza istória nu’udar lisaun la’ós hamoris fali violénsia. Tinan ruanulu-resin-hitu hafoin Konsulta Populár, povu Timor-Leste lori nafatin legadu istóriku boot tebes. Legadu ne’e ho aten-barani hili bainhira iha tauk nia laran. Iha loron ne’ebá, povu mai ho kanek maibé ho esperansa. Sira mai ho tauk maibé ho korajen atu ezerse direitu. Liafuan sira-ne’e nafatin loos ba jerasaun ohin loron nian. Loron-loron tenke hili dame. Unidade tenke salvaguarda iha tempu hotu-hotu. Liberdade tenke ezerse ho responsabilidade. Istória tenke konta ho onestu. Vítima sira nia sakrifísiu tenke hetan onra liuhosi asaun konkreta. Timor-Leste nia independénsia selu ho ninia povu nia sakrifísiu. Selu ho sira ne’ebé mate nia moris. Selu ho sofrimentu hosi sira ne’ebé hetan tortura. Selu ho hakat naruk sira hosi sira ne’ebé maka hetan desterra no espulsa. Selu ho tauk família sira halai ba ai-laran. Selu ho infánsia sira ne’ebé na’ok hosi labarik sira. Selu ho matan-been hosi inan-aman sira ne’ebé maka obriga atu halai sai hosi sira nia uma. Selu ho uma sira ne’ebé sunu no sasán sira ne’ebé lakon. Tanba ne’e, ukun rasik-an tenke defende ho laran tomak. Loron 30 Agostu 1999, sei hanoin nafatin nu’udar loron ne’ebé povu hili. Sira hili ho aten-brani. Sira hili ho matan-been. Sira hili ho esperansa. No liuhosi opsaun ne’e, dalan ba independénsia nakloke. Hakerek-na’in: Amito Qonusere Araújo Premiadu Liberdade Espresaun Timor Leste 2025 Hela fatin, Laletek Puasoru, aldeia Tchai, Loré munisípiu Lautém",Home,https://tatoli.tl/wp-content/uploads/2026/08/Amito1-12.jpg,2026-08-31T06:45:21.482664
68eb1ec81ad36a83,Tatoli,"PM Xanana vizita CTC Bali, hametin protesaun biodiversidade mariña",https://tatoli.tl/2026/08/30/pm-xanana-vizita-ctc-bali-hametin-protesaun-biodiversidade-marina/,2026-08-30T01:37:59,"DILI, 30 agostu 2026 (TATOLI) – Primeiru-Ministru (PM) Kay Rala Xanana Gusmão sesta ne&#8217;e vizita Coral Triangle Center (CTC) iha Sanur, Bali, Indonézia hodi haree diretamente programa no servisu konservasaun mariña. Iha vizita ne&#8217;e, PM Xanana foku ba protesaun biodiversidade no jestaun rekursu tasi ne&#8217;ebé sustentável. PM Xanana konsidera tasi no rekursu mariña la’ós de&#8217;it ... 
 The post  PM Xanana vizita CTC Bali, hametin protesaun biodiversidade mariña  appeared first on  TATOLI Agência Noticiosa de Timor-Leste .","DILI, 30 agostu 2026 (TATOLI) – Primeiru-Ministru (PM) Kay Rala Xanana Gusmão sesta ne’e vizita Coral Triangle Center (CTC) iha Sanur, Bali, Indonézia hodi haree diretamente programa no servisu konservasaun mariña. Iha vizita ne’e, PM Xanana foku ba protesaun biodiversidade no jestaun rekursu tasi ne’ebé sustentável. PM Xanana konsidera tasi no rekursu mariña la’ós de’it patrimóniu natureza, maibé mós parte importante husi moris, kultura no ekonomia komunidade. Nia subliña katak Timor-Leste nu’udar parte husi rejiaun Coral Triangle, no iha responsabilidade boot atu proteje biodiversidade mariña. “Tasi la iha fronteira. Korál ne’ebé moris iha tasi Timor-Leste iha ligasaun ho ekosistema mariña iha rejiaun tomak. Tanba ne’e, ita-nia responsabilidade mós komún,” PM Xanana hateten liuhusi nota ne’ebé TATOLI asesu husi Media Primeiru-Ministru, ohin. Xefe Governu afirma katak konservasaun tasi tenki la’o hamutuk ho dezenvolvimentu komunidade no ekonomia azúl. Ida-ne’e liuhusi kooperasaun iha área siénsia, peskiza, formasaun, jestaun área mariña protejida no partisipasaun komunidade. Iha fatin hanesan, Senior Marine Conservation Adviser CTC, Marthen Welly, fó boas-vindas ba PM Xanana ho delegasaun Timor-Leste. Nia dehan CTC durante tinan barak servisu hamutuk ho Timor-Leste iha área konservasaun mariña, dezenvolvimentu kapasidade no jestaun área mariña protejida. “CTC prontu kontinua fahe koñesimentu no esperiénsia iha área monitorizasaun ekosistema, restaurasaun korál, edukasaun ambientál, peskiza no peska sustentável,” nia afirma. Marthen mós subliña importánsia partisipasaun komunidade no juventude atu garante sustentabilidade konservasaun mariña ba jerasaun sira iha futuru. CTC mak organizasaun konservasaun mariña ne’ebé baze iha Bali. Organizasaun ne’e servisu iha Indonézia no Timor-Leste ho objetivu atu proteje biodiversidade tasi, korál no rekursu peskeiru, no apoia komunidade sira uza rekursu mariña ho maneira sustentável. Iha Timor-Leste, CTC suporta programa konservasaun, inklui iha Ataúro, no kontinua servisu hamutuk ho Governu no komunidade lokál. Iha vizita ne’e, PM Xanana akompaña husi Sekretáriu Estadu Florestas, Fernandinho Vieira, Xefe Gabinete Primeiru-Ministru no Diretora Ezekutiva Gabinete Fronteira Terrestre no Marítima, Elizabeth Exposto, ho delegasaun. Jornalista: Hortêncio Sanchez Editór: Evaristo Soares Martins",Home,https://tatoli.tl/wp-content/uploads/2026/08/CTC-11.jpg,2026-08-31T06:45:21.482664
4ab7efe3979fb52a,Tatoli,PM Xanana simu restu mortál bispu na’in-tolu iha Bali no 1 setembru to’o Dili,https://tatoli.tl/2026/08/30/pm-xanana-simu-restu-mortal-bispu-nain-tolu-iha-bali-no-aban-too-dili/,2026-08-30T01:27:04,"DILI, 30 Agostu 2026 (TATOLI) — Primeiru-Ministru (PM), Kay Rala Xanana Gusmão, sábadu ne’e ofisialmente simu restu mortál Bispu Timoroan na’in-tolu, mak hanesan Bispu Dom Jaime Garcia Goulart, Bispu Dom José Joaquim Ribeiro no Monseñor Martinho da Costa Lopes, iha Aeroportu Internasionál Ngurah Rai, Bali, Indonézia no Loron 1 fulan-setembru tinan 2026 – preladu sira-nia ... 
 The post  PM Xanana simu restu mortál bispu na’in-tolu iha Bali no 1 setembru to’o Dili  appeared first on  TATOLI Agência Noticiosa de Timor-Leste .","DILI, 30 Agostu 2026 (TATOLI) — Primeiru-Ministru (PM), Kay Rala Xanana Gusmão, sábadu ne’e ofisialmente simu restu mortál Bispu Timoroan na’in-tolu, mak hanesan Bispu Dom Jaime Garcia Goulart, Bispu Dom José Joaquim Ribeiro no Monseñor Martinho da Costa Lopes, iha Aeroportu Internasionál Ngurah Rai, Bali, Indonézia no Loron 1 fulan-setembru tinan 2026 – preladu sira-nia ruin to’o iha Prezidente Aeroportu Internasionál Nicolau Lobato, Dili. Nota imprensa ne’ebé relata husi Gabinete Primeiru Ministru katak, simu restu mortál Bispu na’in-tolu ne’e akontese iha tuku 19:30 oras Bali, bainhira PM Xanana ho delegasaun Timor-Leste to’o iha Bali atu kontinua negosiasaun formál kona-bá fronteira marítima entre Timor-Leste ho Indonézia, ne’ebé tama ona bá ronda dahaat. Prosesu transladasaun restu mortál Bispu na’in-tolu hosi Portugal bá Timor-Leste hala’o hosi Governu Timor-Leste, hamutuk ho Igreja Katólika. Iha oportunidade ne’e, PM Xanana hato’o agradesimentu bá Alfándega Indonézia, liuliu ekipa iha Bali, tanba fó autorizasaun no fasilita prosesu transladasaun, hodi asegura katak prosesu hotu bele la’o ho susesu. “Ha’u louva tebes parte Alfándega Indonézia nian, liuliu iha Bali, ne’ebé ho espíritu kooperasaun aas tebes bele fasilita prosesu ne’e no entrega ona restu mortál sira bá Governu Timor-Leste. Ha’u lori Governu no povu Timor-Leste nia naran hato’o agradesimentu bá Alfándega Indonézia,” PM Xanana hateten. PM Xanana hateten katak prosesu transladasaun restu mortál hanesan ne’e la’ós buat ne’ebé fásil, maibé ho kooperasaun di’ak entre parte sira, prosesu bele la’o ho fásil no lalais. Restu mortál Bispu na’in-tolu durante dékada barak hakoi hela iha Portugal, depois sira hala’o sira-nia misaun pastorál iha Timor-Leste, iha períodu ida ne’ebé Timor-Leste hasoru situasaun polítika no sosiál ne’ebé difísil. Repatriasaun restu mortál sira ne’e sai mós nu’udár forma omenajen bá sira-nia servisu, dedikasaun no kontribuisaun bá Igreja Katólika, povu no nasaun Timor-Leste. Iha Portugál, Igreja iha Évora hala’o ona serimónia memória, orasaun no agradesimentu bá moris no misaun pastorál Bispu na’in-tolu nian. Serimónia ne’e mós fó oportunidade atu rekorda kontribuisaun Igreja Katólika iha istória resente Timor-Leste, inklui testemuñu no servisu Bispu na’in-tolu nian nu’udar pastór sira, ne’ebé sira-nia memória kontinua hela iha moris Igreja Katólika no povu Timor-Leste. Depois hosi serimónia simu iha Terminal Karga Internasionál Aeroportu Ngurah Rai, PM Xanana ho delegasaun kontinua bá Rumah Duka Mumbul, akompaña ambulánsia ne’ebé transporta restu mortál Bispu na’in-tolu nian. Iha Rumah Duka Mumbul, sei kontinua serimónia venerasaun no misa troka-malu molok restu mortál sira-ne’e kontinua viajen bá Timor-Leste. Loron 1 fulan-setembru tinan 2026 – Preladu sira-nia ruin to’o iha Prezidente Aeroportu Internasionál Nicolau Lobato, Dili. Programa hahú husi 01 Setembru to’o 10 Setembru Loron 1 fulan-setembru tinan 2026 – Preladu sira nia ruin to’o iha Timor-Leste Prezidente Aeroportu Internasionál Nicolau Lobato – Dili 1:30 PM – To’o iha Preladu sira nia ruin iha Aeroportu Internasionál Prezidente Nicolau Lobato. 1:55 PM – Komité Organizadora Governu no guarda onra militár hein transporte restu mortál Preladu sira nian ba fatin serimónia nian. 2:00 PM – Asina dokumentu entrega ba Preladu sira-nia restu mortál entre Komisaun Organizadora Governu no Konferénsia Episkopál Timor-Leste. 2:05 PM – Komentáriu badak husi reprezentante Komisaun Organizadora Governu no Konferénsia Episkopál Timor-Leste nian. 2:15 PM – Transporte ba Preladu sira nia restu mortál husi Aeroportu Internasional Prezidente Nicolau Lobato ba esplanada Tasi Tolu. Loron 3 fulan-setembru tinan 2026 – Omenajen ba Monseñor Martinho da Costa Lopes – Manatutu 9:00 AM – Bainaka sira nia to’o iha fatin serimónia nian. 9:30 AM – Saída husi Monseñor Martinho da Costa Lopes nia ruin husi Laleia, iha dalan ba Manatutu. 10:00 AM – Para iha Ponte Manatuto durante prosesaun husi Laleia ba Igreja Parokia Manatuto. 10:10 AM – Aprezentasaun husi povu Manatutu ba Prezidente Konferénsia Episkopál Timorense. 10:15 AM – Leitura Rezolusaun Governu nian. 10:20 AM – Diskursu husi Sua Exelénsia Prezidente Repúblika. 10:50 AM – Inaugurasaun ba plaka komemorativa ne’ebé fó naran ba Ponte Manatutu nu’udar “Monseñor Martinho da Costa Lopes Ponte,” tuir fali ho bensaun ba ponte ne’e husi Amu Bispu Dili. 11:00 AM – Resepsaun ba bainaka sira iha Salaun “Ulfa Ikero”. Loron 10 fulan-Setembru tinan 2026 – Serimónia enserramentu ba transferénsia restu mortais preladu sira nian iha Tasi Tolu 5:00 PM – Santa Misa ne’ebé prezide husi Sua Eminénsia Virgílio Kardeál do Carmo da Silva, SDB, Amu Bispu Metropolitanu Dili no Prezidente Konferénsia Episkopál Timor-Leste nian. Hafoin Santa Missa Hafoin remata bensaun ikus iha Tasi Tolu Jornalista: Hortencio Sanches Editór: Evaristo Soares Martins",Home,https://tatoli.tl/wp-content/uploads/2026/08/Xanana-iha-Bali-11.jpg,2026-08-31T06:45:21.482664
7acd1309dafdc210,Tatoli,Tinan 27 Konsulta Populár: Salvaguarda liberdade no unidade ho responsabilidade,https://tatoli.tl/2026/08/30/tinan-27-konsulta-popular-salvaguarda-liberdade-no-unidade-ho-responsabilidade/,2026-08-30T00:44:42,"DILI, 30 Agostu 2026 (TATOLI) — Tinan ruanulu-resin-hitu liu tiha ona dezde Konsulta Populár iha loron 30 Agostu 1999. Loron istóriku ne’e marka istória ida tanba povu determina futuru liuhosi prosesu ida ne’ebé loke dalan ba Timor-Leste nia independénsia. Rezultadu hosi luta ne’e moris hosi unidade, korajen, sakrifísiu no esperansa ne’ebé povu mantein durante tinan ... 
 The post  Tinan 27 Konsulta Populár: Salvaguarda liberdade no unidade ho responsabilidade  appeared first on  TATOLI Agência Noticiosa de Timor-Leste .","D ILI , 30 Agostu 2026 (TATOLI) — Tinan ruanulu-resin-hitu liu tiha ona dezde Konsulta Populár iha loron 30 Agostu 1999. Loron istóriku ne’e marka istória ida tanba povu determina futuru liuhosi prosesu ida ne’ebé loke dalan ba Timor-Leste nia independénsia. Rezultadu hosi luta ne’e moris hosi unidade, korajen, sakrifísiu no esperansa ne’ebé povu mantein durante tinan rua-nulu resin-hat. Tanba ne’e, vitória ne’ebé hetan liuhosi referendu nu’udar parte hosi istória ho demokrátiku ne’ebé respeita sidadaun ida-idak nia liberdade, lei no dignidade. Nonu Governu Konstitusional liuhosi Sekretaria Estadu Komunikasaun Sosiál (SEKOMS) hala’o papél ida hodi hametin liberdade espresaun no liberdade imprensa ne’ebé garantia iha artigu 40 no 41 Konstituisaun Repúblika Demokrátika Timor-Leste. Artigu 40 rekoñese direitu ema ida nian atu espresa opiniaun no hetan informasaun, no artigu 41 garante liberdade imprensa no liberdade meiu komunikasaun sosiál nian. Liberdade sira ne’e nu’udar parte esensiál hosi rezultadu luta povu nian durante tinan 24 nia laran. Aliende ne’e ninia implementasaun mós tenke akompaña ho responsabilidade, respeitu ema seluk nia direitu no aderénsia ba étika jornalístika no komunikasaun públika. Liberdade espresaun labele uza hodi habelar kalumnia, insitasaun, odiu ka informasaun ne’ebé bele haketak komunidade nia unidade. Sekretaria Estadu Komunikasaun Sosiál (SEKOMS) kontinua enkoraja públiku no imprensa atu serbisu hamutuk hodi kombate informasaun falsu ka lia falsu sira (hoax) liuhosi verifika fonte sira, verifika faktu no uza informasaun konfiável. Sidadaun ida-idak mós iha papél atu hapara propagasaun informasaun sira ne’ebé seidauk verifika liuliu liuhosi sosiál mídia no kanál komunikasaun públika oioin. Espíritu Konsulta Populár tenke reflete iha maneira oinsá sosiedade envolve iha diálogu. Diferensa opiniaun halo parte demokrasia maibé konversa tenke ekilibradu no respeitu ema seluk nia direitu. Krítika ne’ebé hato’o ho responsabilidade bele hametin vida públika tanba diskursu degradante ka provokativu sei sobu de’it unidade ne’ebé harii ho kustu boot. Iha aniversáriu ba dala-27 Konsulta Populár, Sekretáriu Estadu Komunikasaun Sosiál (SEKOMS), Expedito Loro Dias Ximenes, husu ba sidadaun hotu-hotu atu salvaguarda liberdade espresaun no imprensa nu’udar eransa luta ba ukun rasik-an. Liberdade tenke uza hodi hato’o lia-loos, habelar koñesimentu, monitoriza interese públiku no harii konfiansa entre sidadaun hotu. Ho unidade, komunikasaun étika no kompromisu ba lia-loos, Timor-Leste bele kontinua fó onra ba realizasaun luta pasadu no harii futuru ne’ebé pasífiku liu, demokrátiku no prósperu ba jerasaun sira iha futuru. TATOLI",Home,https://tatoli.tl/wp-content/uploads/2023/05/AKORDU-05-DE-MAIO-1999_05.jpg,2026-08-31T06:45:21.482664
a65fb689ab634db3,Tatoli,"Númeru mate iha Nepál sa’e ba 579, Obriga partidu polítiku sira adota rezolusaun pontu 10",https://tatoli.tl/2026/08/29/numeru-mate-iha-nepal-sae-ba-579-obriga-partidu-politiku-sira-adota-rezolusaun-pontu-10/,2026-08-29T03:35:17,"DILI, 29 Agostu 2026 (TATOLI) – Autoridade Nasionál Redusaun no Jestaun Risku Dezastre Nepál nian relata katak mate-isin hamutuk 579 mak hetan ona iha área sira ne&#8217;ebé afetadu hosi inundasaun no ema na&#8217;in 1.924 mak sei lakon. Ho inundasaun inesperadu ne’e obriga partidu polítiku sira adota ona rezolusaun komún ho pontu 10. Enkontru ne&#8217;e espresa ... 
 The post  Númeru mate iha Nepál sa’e ba 579, Obriga partidu polítiku sira adota rezolusaun pontu 10  appeared first on  TATOLI Agência Noticiosa de Timor-Leste .","DILI, 29 Agostu 2026 (TATOLI) – Autoridade Nasionál Redusaun no Jestaun Risku Dezastre Nepál nian relata katak mate-isin hamutuk 579 mak hetan ona iha área sira ne’ebé afetadu hosi inundasaun no ema na’in 1.924 mak sei lakon. Ho inundasaun inesperadu ne’e obriga partidu polítiku sira adota ona rezolusaun komún ho pontu 10. Enkontru ne’e espresa tristeza kle’an ba lakon vida no estragu sira ne’ebé maka relata iha Rasuwa, Nuwakot, Dhading, Gorkha, Chitwan, Nawalparasi no munisípiu sira seluk. Ida-ne’e fó omenajen ba sira ne’ebé mate iha dezastre no hato’o kondolénsia ba sira-nia família ne’ebé lakon. Partidu polítiku sira mós konkorda katak estadu tenke toma responsabilidade ba tratamentu no atendimentu ba sira ne’ebé hetan kanek iha dezastre ne’e, nune’e mós fó akonsellamentu psikososiál. Bainhira deskreve dezastre ne’e hanesan teste ida ba unidade nasionál, partidu sira kompromete atu ultrapasa diferensa polítika sira no fó prioridade ba protesaun ba sidadaun sira-nia moris no ba interese nasionál. Rezolusaun komún ho pontu 10 inklui: Enkontru ne’e mós elojia tebes kontribuisaun sira hosi Ezérsitu Nepal, Polísia Nepal, Forsa Polísia Armada, traballadór saúde sira, funsionáriu públiku sira no voluntáriu sira ne’ebé envolve iha resposta ba dezastre. Notísia relevante: Númeru ema mate iha Nepál aumenta ba 538 Fonte: Xinhua/Online Khabar",Home,https://tatoli.tl/wp-content/uploads/2026/08/Nepal-1.jpg,2026-08-31T06:45:21.482664
9e2052460d7ca81a,Tatoli,Venezuela anunsia akordu petrolíferu ho EUA,https://tatoli.tl/2026/08/29/venezuela-anunsia-akordu-petroliferu-ho-eua/,2026-08-29T02:30:10,"DILI, 29 Agostu (TATOLI) – Venezuela fó-sai iha loron-sesta ne&#8217;e saida maka nia bolu “akordu istóriku ida” ho Governu norte-amerikanu hodi promove investimentu iha rekuperasaun no rekonstrusaun infraestrutura estratéjiku ba nia indústria idrokarbonetu sira. Iha nota imprensa, prezidente interinu Venezuela nian, Delcy Rodriguez, hatete katak akordu ne&#8217;e sei ajuda hametin relasaun bilaterál sira no fasilita ... 
 The post  Venezuela anunsia akordu petrolíferu ho EUA  appeared first on  TATOLI Agência Noticiosa de Timor-Leste .","DILI, 29 Agostu (TATOLI) – Venezuela fó-sai iha loron-sesta ne’e saida maka nia bolu “akordu istóriku ida” ho Governu norte-amerikanu hodi promove investimentu iha rekuperasaun no rekonstrusaun infraestrutura estratéjiku ba nia indústria idrokarbonetu sira. Iha nota imprensa, prezidente interinu Venezuela nian, Delcy Rodriguez, hatete katak akordu ne’e sei ajuda hametin relasaun bilaterál sira no fasilita fluxu boot ida investimentu nian iha setór enerjétiku nasaun nian. Akordu sei permite atu Venezuela aumenta maka’as produsaun petróleu nian ho partisipasaun hosi operadór privadu sira, haktuir hosi nota imprensa. Akordu “husu dezenvolvimentu hosi kampu estratéjiku 17, ho potensiál ida ne’ebé komprovadu hosi barríl petróleu billaun 65, investimentu ida liu dolar amerikanu billaun 100, no liu dolar billaun 209 iha impostu sira ba Estadu,” hatutan tan. Iha loron-sesta mós, iha post ida iha Truth Social, Prezidente Estadus Unidus nian Donald Trump hatete, “Estadus Unidus Amérika nian foin halo Akordu ida ho Nasaun Venezuela kona-ba, NEGOSIU MINA-RAI BOOT LIU IHA ISTÓRIA MUNDIÁL!” Iha loron 3 fulan-Janeiru, forsa militár sira Estadus Unidus nian lansa atake ho eskala boot ida hasoru Venezuela no kaer ho forsa Prezidente Venezuela Nicolas Maduro ho nia feen molok lori sira ba Nova Iorke. Iha loron 29 fulan-Janeiru, Rodriguez fó sai aprovasaun ba reforma parsiál ida hosi lei hidrokarbonetu sira nasaun nian hodi permite partisipasaun privadu ne’ebé boot liu iha setór petrolíferu. Fonte: Xinhua Notísia relevante: Trump garante ‘seguransa totál’ ba investidór petrolíferu inklui ConocoPhillips iha Venezuela",Home,https://tatoli.tl/wp-content/uploads/2026/01/thumbs_b_c_4f511f639d886d1f2374cf393d917214.jpg,2026-08-31T06:45:21.482664
b1861d46a4132886,Tatoli,Xanana dezloka bá Indonézia kontinua negosiasaun ronda dahaat fronteira marítima,https://tatoli.tl/2026/08/29/xanana-dezloka-ba-indonezia-kontinua-negosiasaun-ronda-dahaat-fronteira-maritima/,2026-08-29T01:59:40,"DILI, 29 Agostu 2026 (TATOLI) – Ohin, Primeiru-Ministru, Kay Rala Xanana Gusmão, ho delegasaun dezloka bá Indonézia, hodi kontinua halo negosiasaun ronda dahhat kona-ba fronteira marítima entre país rua. Iha loron-sesta ne’e, Xefe Governu fó-sai katak nia bá Indonézia atu kontinua negosiasaun fronteira marírima ho Indonézia. “Kona-ba ita-nia fronteira marítima ho Indonézia&#8221;, nia hatete iha ... 
 The post  Xanana dezloka bá Indonézia kontinua negosiasaun ronda dahaat fronteira marítima  appeared first on  TATOLI Agência Noticiosa de Timor-Leste .","DILI, 29 Agostu 2026 (TATOLI) – Ohin, Primeiru-Ministru, Kay Rala Xanana Gusmão, ho delegasaun dezloka bá Indonézia, hodi kontinua halo negosiasaun ronda dahhat kona-ba fronteira marítima entre país rua. Iha loron-sesta ne’e, Xefe Governu fó-sai katak nia bá Indonézia atu kontinua negosiasaun fronteira marírima ho Indonézia. “Kona-ba ita-nia fronteira marítima ho Indonézia”, nia hatete iha diskursu bainhira halo abertura ba Simpóziu OceanX Timor-Leste: Siénsia ba Futuru Azúl iha Sentru Konvensaun Dili, sesta ne’e. Lembra katak negosiasaun ba delimitasaun fronteira marítima entre Timor-Leste no Indonézia ba ronda datoluk nian halo ona, entre 27 no 29 Abríl, iha Singapura, ne’ebé marka prosesu ne’ebé signifikativu. Nota imprensa husi Gabinete Primeiru Ministru, katak iha vizita traballu ne’e, PM Xanana sei partisipa iha série ajenda sira iha Bali no Jakarta, inklui vizita bá Sentru Triángulu Korál no kontinua negosiasaun formál fronteira marítima. Negosiasaun fronteira marítima ba dahaat sei realiza iha Jakarta, iha loron 01 Setembru 2026, ho partisipasaun hosi delegasaun Timor-Leste no Indonézia. Durante estadia iha Bali, PM Xanana mós sei simu urnas sira Bispu Dom Jaime Garcia Goulart, Bispu Dom José Joaquim Ribeiro no Monseñor Martinho da Costa Lopes iha Aeroportu Internasionál Ngurah Rai. Aleinde ne’e, PM Xanana sei partisipa iha Konferénsia Honoris Causa ne’ebé organiza hosi Universidade Hasanuddin. Tuir ajenda, PM Xanana ho delegasaun sei fila fali mai Timor-Leste iha 7 setembru 2026. Timor-Leste ho Indonézia iha relasaun ne’ebé metin no sai ezemplu global ba rekonsiliasaun no amizade ne’ebé konstrutivu. Timor-Leste ho Indonézia hanesan nasaun viziñu ne’ebé fahe tasi no rai maran, ba norte, oeste no leste. Líder Timor-Leste no Indonézia nian konkorda ona iha Agostu 2015 atu hafoun no haluan tan diskusaun, kona-ba fronteiras rai no tasi nian. Timor-Leste hahú ko’alia ho Indonézia hodi delimita fronteira marítima permanente iha Setembru 2015. Rai balu ne’ebé seidauk hafahe ne’e sei rezolve iha tempu badak nia laran. Indonézia maka Estadu arkipélajiku boot liu iha mundu, ne’ebé kompostu husi illa liu 17,000. Nasaun ne’e fahe fronteira marítima ho Estadu sanulu. Daudaun ne’e Indonézia konkorda ona ka konkorda ona parsialmente kona-ba fronteira marítima ho Malázia, Austrália, Tailándia, Singapura, Índia, Papua Nova Guiné, Vietname no Filipina. Husi nasaun sira-ne’e, Timor-Leste no Palau maka úniku nasaun rua ne’ebé maka Indonézia seidauk halo akordu ruma kona-ba fronteira marítima; maibé Indonézia hahú ona diskusaun ho nasaun rua ne’e. Progresu ho Indonézia kona-ba fronteira marítima Iha fulan-Agostu 2015, Timor-Leste no Indonézia konkorda atu habelar sira-nia diskusaun ba fronteira hodi inklui delimitasaun ba fronteira marítima sira. Enkontru konsultasaun dahuluk entre nasaun rua kona-ba delimitasaun permanente ba sira-nia fronteira marítima hahú iha fulan-Setembru 2015. Enkontru tékniku prelimináriu tolu konvoka iha tinan 2018 nia rohan iha Bali, no iha 2019 iha Singapura no Bali. Desde tinan 2021 nia rohan, Timor-Leste no Indonézia kontinua diskusaun liuhusi kanál diplomátiku sira hodi avansa delimitasaun pasífika ba sira-nia fronteira marítima, tuir lei internasionál no iha espíritu relasaun viziñu ne’ebé besik. Esforsu sira-ne’e inklui ona interkámbiu altu-nivel no enkontru informál sira ne’ebé ho objetivu atu hetan kompreensaun mútua no loke dalan ba negosiasaun formál no substantiva sira. Diskusaun kontinuasaun sira ne’e rezulta marku importante ida ho akordu atu hahú negosiasaun formál ba fronteira marítima iha tinan 2024. Ronda rua negosiasaun formál hala’o ona iha 2025: iha fulan-Agostu iha Díli no iha fulan-Dezembru iha Yogyakarta. Fronteira Marítima Timor-Leste ho Indonézia Timor-Leste no Indonézia goza relasaun ne’ebé besik no dura no sai nu’udar modelu globál ba rekonsiliasaun no parseria konstrutivu. Nu’udar nasaun viziñu sira iha rai no tasi, ne’ebé fahe fronteira ba malu iha norte, oeste no leste, nasaun rua ne’e iha obrigasaun tuir Konvensaun Nasoins Unidas kona-ba Lei Tasi nian (koñesidu ho naran UNCLOS) atu delimita sira-nia área marinã sira ne’ebé sobrepoin malu atu nune’e bele klarifika extensaun husi sira-nia soberania no direitu soberanu. Hafoin konkluzaun ho susesu ba konsiliasaun obrigatória ho Austrália tuir UNCLOS, no asinatura Tratadu 2018 entre Timor-Leste no Austrália estabelese sira-nia Fronteira Marítima iha Tasi Timor, Timor-Leste tau atensaun ba delimitasaun fronteira marítima ne’ebé sei iha ho Indonézia. Tratadu Fronteira Marítima 2018 entre TimorLeste no Austrália espresamente hatur katak laiha prejuizu ba negosiasaun no delimitasaun fronteira marítima entre Timor-Leste no Indonézia. Gabinete Fronteira Marítima fó-sai pontu importante sira mak hanesan tuir mai ne’e; Tanbasá Fronteira Marítima importante tebes ba TimorLeste? Kompleta fronteira marítima permanente nu’udar prioridade nasionál ba Timor-Leste. Ida-ne’e hanesan pasu ikus hodi estabelese Timor-Leste nia soberania kompleta no direitu soberanu nu’udar estadu independente. Ba povu Timor-Leste, asegura nasaun nia direitu ba nia área marítima sira nu’udar kontinuasaun husi sira-nia luta naruk ba autodeterminasaun, soberania no independénsia. Fronteira marítima ne’ebé klaru no konkorda ona fó serteza jurídika no permite Timor-Leste atu esplora ho responsabilidade, jere, proteje no dezenvolve nia rekursu tasi no tasi-okos, inklui enerjia no peska. Ida-ne’e sei apoia dezenvolvimentu ekonómiku sustentável, enkoraja investimentu no konfiansa negósiu no hametin planeamentu nasionál ba tempu naruk. Reseita sira ne’ebé hetan husi rekursu hirak-ne’e kontribui ba Timor-Leste nia fundu rikusoin soberanu, ne’ebé dedika hodi apoia ekuidade interjerasionál no harii futuru ida ne’ebé prósperu, inkluzivu no sustentável ba povu Timor-Leste. Indonézia delimita ona nia Fronteira Marítima ho nia nasaun viziñu sira seluk? Indonézia maka Estadu arkipélajiku boot liu iha mundu, ne’ebé kompostu husi illa liu 17,000. Nasaun ne’e fahe fronteira marítima ho Estadu sanulu. Daudaun ne’e Indonézia konkorda ona ka konkorda ona parsialmente fronteira marítima ho Malázia, Austrália, Tailándia, Singapura, Índia, Papua Nova Guiné, Vietname no Filipina. Husi nasaun sira-ne’e, Timor-Leste no Palau maka úniku nasaun rua ne’ebé mak Indonézia seidauk halo akordu ruma kona-ba fronteira marítima; maibé Indonézia hahú ona diskusaun ho nasaun rua ne’e. Saida mak pontu situasaun negosiasaun Fronteira Marítima ho Indonézia? Líder Timor-Leste no Indonézia konkorda ona iha Agostu 2015 atu hafoun no habelar diskusaun bilaterál sira hodi kobre fronteira terrestre no marítima. Timor-Leste no Indonézia hahú diskusaun delimitasaun permanente ba fronteira marítima iha fulan-Setembru, tinan 2015. Durante faze inisiu konsultasaun sira, nasaun rua ne’e hamutuk dezenvolve prinsípiu orientadór, metodolojia téknika no planu servisu ida ba negosiasaun sira. Estadu rua kompromete atu negosia fronteira marítima permanente tuir lei internasionál, partikularmente UNCLOS. Enkontru tékniku prelimináriu entre Timor-Leste no Indonézia hala’o ona iha tinan 2018 nia rohan iha Bali no iha inísiu tinan 2019 iha Singapura no iha Bali. Enkontru sira-ne’e estabelese baze importante ba negosiasaun sira iha futuru. Desde tinan 2021 nia rohan, Timor-Leste no Indonézia kontinua diskusaun liuhusi kanál diplomátiku sira hodi avansa delimitasaun pasífika ba sira-nia fronteira marítima, tuir lei internasionál no iha espíritu relasaun viziñu ne’ebé besik. Esforsu sira-ne’e inklui ona interkámbiu iha altu-nível no enkontru informál sira ne’ebé ho objetivu atu hetan komprensaun mútua no loke dalan ba negosiasaun formál no substantiva sira. Diskusaun kontinuasaun sira ne’e rezulta marku importante ida ho akordu atu hahú negosiasaun formál fronteira marítima iha tinan 2024. Ronda rua negosiasaun formál hala’o ona iha 2025: iha fulan-Agostu iha Díli no iha fulan-Dezembru iha Yogyakarta. Negosiasaun formál fronteira marítima kontinua la’o hela. Notísia relevante: Aban, Primeiru-Ministru bá Indonézia kontinua negosiasaun fronteira marítima TATOLI",Home,https://tatoli.tl/wp-content/uploads/2026/07/IMG_3531-copy.jpg,2026-08-31T06:45:21.482664
013ec06f4e76bca6,Tatoli,Cristina Ximenes sai primeiru lugar iha kompetisaun hakerek kriativu,https://tatoli.tl/2026/08/28/cristina-ximenes-sai-primeiru-lugar-iha-kompetisaun-hakerek-kriativu/,2026-08-28T14:59:58,"DILI, 28 Agostu 2026 (TATOLI)—Jornalista husi jornál INDEPENDENTE, Cristina Ximenes, sai primeiru lugar iha Kompetisaun Hakerek Kriativu ne’ebé Ajénsia Notisioza Timor-Leste TATOLI, I.P. organiza hodi komemora aniversáriu TATOLI, I.P. nian ba da-10 ho tema &#8220;Inovasaun, Krebilidade no Transformasaun Dijitál”. Atividade ne’e organiza ho objetivu mak atu fó espasu ba jornalista sira hodi dezenvolve no hatudu ... 
 The post  Cristina Ximenes sai primeiru lugar iha kompetisaun hakerek kriativu  appeared first on  TATOLI Agência Noticiosa de Timor-Leste .","DILI, 28 Agostu 2026 (TATOLI)— Jornalista husi jornál INDEPENDENTE, Cristina Ximenes, sai primeiru lugar iha Kompetisaun Hakerek Kriativu ne’ebé Ajénsia Notisioza Timor-Leste TATOLI, I.P. organiza hodi komemora aniversáriu TATOLI, I.P. nian ba da-10 ho tema “Inovasaun, Krebilidade no Transformasaun Dijitál”. Atividade ne’e organiza ho objetivu mak atu fó espasu ba jornalista sira hodi dezenvolve no hatudu kapasidade hakerek kriativu, kreatividade no kualidade produtu jornalístiku. Jornalista INDEPENDTE ne’ebé kompete ho obra “Luta Inan Ida ba Oan Na’in Tolu iha Dader Nakukun Nia leet” ne’e sente kontente tebes tanba bele sai manán-na’in iha kompetisaun hakerek kriativu ne’e. “Ha’u sente kontente. Obra ne’ebé ha’u hakerek ne’e tanba motiva husi situasaun reál ne’ebé inan ida hasoru ho nia oan sira iha moris loro-loron nian. Istória ne’ebé ha’u hakerek ne’e bazeia ba faktu reál ne’ebé ha’u observa iha terrenu,” Cristina Ximenes hateten ba Agência TATOLI hafoin entrega prémiu iha serimónia diálogu ho topiku “Hametin Nasionalizmu no Patriotizmu hodi Dezenvolve Timor-Leste” ne’ebé Agência TATOLI organiza hodi selebra loron konsulta popular ba da-27, iha iha Faról, ohin. Nia hatutan, istória ne’ebé nia hakerek ne’e tanba hetan informasaun husi ninia viziñu balun ne’ebé husu ninia posibilidade atu halo entrevista ba inan refere ninia istória moris iha sosiedade nia leet. “Tanba ne’e mak ha’u mós ba halo entrevista ha’u-nia fonte ne’e no ha’u haree nia loro-loron ba servisu sempre kele nia oan feto. Situasaun ne’e akontese tanba nia (inan) ne’e ho ninia parseiru (la’en) iha problema, entaun abandona tiha nia ho ninia oan. Tanba ne’e, ne’e nia deside hakarak fila ba ninia rai orijen Manatutu Natarbora,” nia esplika. Husi istória ne’ebé nia hakarek, nia dehan, iha mós transformasaun ba ema-nia moris tanba liuhusi notísia ne’ebé nia hakerek hetan kedas apoia husi Gabinete Prezidente Repúblika hodi fó asisténsia umanitária no realoka fali nia (inan) ho nia oan sira ba sira-nia hela fatin orijen (Manatutu). “Entaun, ida-ne’e mak fó korajen mai ha’u atu kontinua hakerek obra kriativu sira hodi inspira sosiedade no nia sei kontinua kompete iha kompetisaun sira hanesan ne’e,” nia dehan. Entretantu, jornalista husi Dili Post, Azacsi G. Quintão, okupa segundu lugar ho obra “ Husik Kadeira Eskola Tanba Alin Sira, Luta iha Dili ho Motor” no Jornalista husi Loluwari Cesar Pires okupa terseiru lugar ho obra “ Sofrimentu no Esperansa iha kadunan Mauhoka”. Prosesu Avaliasaun Avaliasaun ba produtu jornalístiku ne’e hala’o husi ekipa júri ne’ebé kompostu husi ema na’in-tolu mak hanesan Maria Auxiliadora F. Ximenes, Xisto Freitas da Piedade no Cancio Ximenes Soares. Júri sira analiza no fó valór ba hakerek sira ne’ebé hatama husi konkorrente sira, bazeia ba kualidade no aspetu jornalístiku ne’ebé determina ona husi komisaun organizadora. Bazeia ba rezultadu avaliasaun ne’e, Cristina Ximenes husi Jornal Independente hetan Primeiru Lugar ho valór 86, Azacsi G. Quintão husi Dili Post nu’udar Segundu Lugar ho valór 63, no Cesar Pires husi Loluwari okupa Terseiru Lugar ho valór 60. Avaliasaun ne’e hala’o bazeia ba kritéria husi kompetisaun hakarek kriativu ne’ebé haree liu ba téknika arasaun deskrisaun kreatividade, orijinalidade no ángulu, no rigor jornalístiku. Obra ne’ebé jornalista sira hakerek sei foku (angulu) liubá, dezenvolvimentu komunidade rurál ne’ebé iha impaktu husi notísia no perfil umanu, erói (Feto, foin-sa’e, inkluzaun) ne’ebé halo mudansa ba sosiedade. Jornalista : Alexandra da Costa Editora      : Julia Chatarina",Home,https://tatoli.tl/wp-content/uploads/2026/08/Z_53.jpg,2026-08-31T06:45:21.482664
4644416cd64a271e,Tatoli,“Konsulta populár loron istóriku ne’ebé lori ita halo reflesaun ho kle’an”,https://tatoli.tl/2026/08/28/konsulta-popular-loron-istoriku-neebe-lori-ita-halo-reflesaun-ho-klean/,2026-08-28T14:59:27,"DILI, 28 Agostu 2026 (TATOLI)—Prezidente Konsellu Diretivu TATOLI, Noémio Falcão, hateten Timor-Leste selebra loron konsulta populár ba da-27 ne’e hanesan reflesaun ida atu timoroan aprende husi luta, sakrifísiu povu nian no oinsá uza liberdade hodi harii nasaun ne&#8217;ebé justu, demokrátiku no prospéru. &#8220;Loron konsulta populár sai hanesan momentu ida-ne&#8217;ebé marka desizaun Timor-Leste nian atu determina ... 
 The post  “Konsulta populár loron istóriku ne&#8217;ebé lori ita halo reflesaun ho kle’an”  appeared first on  TATOLI Agência Noticiosa de Timor-Leste .","DILI, 28 Agostu 2026 (TATOLI)— Prezidente Konsellu Diretivu TATOLI, Noémio Falcão, hateten Timor-Leste selebra loron konsulta populár ba da-27 ne’e hanesan reflesaun ida atu timoroan aprende husi luta, sakrifísiu povu nian no oinsá uza liberdade hodi harii nasaun ne’ebé justu, demokrátiku no prospéru. “Loron konsulta populár sai hanesan momentu ida-ne’ebé marka desizaun Timor-Leste nian atu determina futuru ba ukun-an. Konsulta popukár sai patromóniu polítiku no loron istóriku ne’ebé lori ita ohin halo reflesaun ho kle’an,” Prezidente Konsellu Diretivu ne’e hateten liuhusi diskursu iha abertura ba serimónia diálogu ho topiku “Hametin Nasionalizmu no Patriotizmu hodi Dezenvolve Timor-Leste” ne’ebé Agência TATOLI organiza hodi selebra loron konsulta popular ba da-27, iha iha Faról, ohin. Nia hatutan, povu ida uluk fó ona nia kontribuisaun iha ukun rasik an, entaun povu ida agora tenke iha responsabilidade boothanesan  líder polítiku, instituisaun Estadu, sosiedade sivíl, mídia no sidadaun hotu hodi garante katak valór sira-ne’ebé povu defende iha tinan 1999 sei la lakon iha dalan klaran. Oradór Reprezentante Juventude, Imanuel Lobato, hateten tinan 27 husi konsulta populár mak deside Timor-Leste ohin loron sai nasaun ida-ne’ebé soberanu. Ida-ne’e atu fó reflesaun ida ba ema hotu katak labele halimar ona atu servisu ba Estadu tanba tinan 27 ne’e sakrifísiu la’ós prezente ne’ebé feitu. “Maske ita-nia nasaun ne’e sei joven maibé konsege atrai ema hakarak mai investe ita-nia rai tanba ita iha rikusoin, maibé se joven sira mak laiha preparasaun hodi asume responsabilidade ida-ne’e entaun ita presiza halo reflesaun ho didi’ak,” nia dehan. Juventude sira iha era agora dalaruma hanoin katak luta ba ukun-an ne’e fasíl maibé ne’e difisíl. Entaun tinan 27 ne’e fó esperiénsia ita katak atu prepara an hodi sai patriota no nasionalista ne’ebé di’ak hodidefende Timor-Leste nia soberánia. “Konsolida ema hotu-hotu iha ne’e hodi servisu hamutuk ho autoridadd Estadu nian ba dezenvolvimentu nasionál, tanba ne’e joven tenke sai inspiradór,” nia hateten. Fundadór RENETIL, Carlos Joky, dehan memória nasionalizmu ba ukun rasik-an iha konseitu tolu hanesan memória, istória no nasionalizmu, ne’ebé iha ligasaun ba malu tanba se laiha espirítu nasionalizmu no patriotizmu entaun labele iha ukun rasik-an “Luta ida-ne’e iha momentu ne’e difisíl no risku tebes hanesan ami estudante sira tempu uluk lakon bolsa estudu tama kadeia no balun mak lakon vida,” nia afirma. Ko’alia kona-ba memória istória no nasionalizmu, iha komemorasaun loron konsulta popular ne’e hodi hanoin hikas buat ne’ebé timoroan sira halo iha pasadu rhodi ekolla faktu sira hotu atu promove rekonsiliasaun ida-ne’ebé di’ak no unidade ne’ebé metin liu. Enkuantu iha oportunidade ne’e mós, Ajénsia TATOLI mós atribui prémiu ba manán-na’in sira iha kompetisaun certame, kompetisaun hakerek kreativu husi patrosinadór sira. Iha kompetisaun sertame nian, manán-na’in dahuluk husi eskola sekundária São Pedro ho valór 1075 no osan hamutuk $500, manán na’in daruak husi eskola sekundária São Miguel Arcanjo, ho valór 725 no osan $300 no manán na’in datolu husi eskola sekundária Katólika Cristal Dili ho valór 675 no osan hamutuk $200. Kompetisaun hakerek kreativu 1°lugár husi jornalista Independente Cristina Ximenes ho pontus hamutuk 86 no osan ho montante $500, segundu lugár husi jornalista Dili Post, Azacsi Quintão, ho pontus 63 no osan hamutuk $300, iha terseiru lugár husi jornalista Luluwari, Cesar Pires, ne’ebé konsege akumula pontus 60 no osan hamutuk $200. Jornalista : Alexandra da Costa Editór        : Cancio Ximenes",Home,https://tatoli.tl/wp-content/uploads/2026/08/IMG_4702-copy.jpg,2026-08-31T06:45:21.482664
5e5885db27da76d6,Tatoli,FFTL selebra kontratu ho Treinadór 24 ba Sentru Juvenil iha Munisípiu,https://tatoli.tl/2026/08/28/fftl-selebra-kontratu-ho-treinador-24-ba-sentru-juvenil-iha-munisipiu/,2026-08-28T14:59:21,"DILI, 28 Agostu 2026 (TATOLI)– Federasaun Futeból Timor-Leste (FFTL) selebra ona kontratu ho treinadór hamutuk na’in-24 hodi reativa fali sentru juvenil iha baze no kada Asosiasaun Futeból Munisípiu. Sentru ne&#8217;e foku ba kategoria Sub-13 to’o 15 ba mane no feto. Serimónia selebrasaun kontratu ne’e hala’o sesta ne&#8217;e iha edifisiu FFTL, no prezensa husi Sekretáriu Jerál ... 
 The post  FFTL selebra kontratu ho Treinadór 24 ba Sentru Juvenil iha Munisípiu  appeared first on  TATOLI Agência Noticiosa de Timor-Leste .","DILI, 28 Agostu 2026 (TATOLI)– Federasaun Futeból Timor-Leste (FFTL) selebra ona kontratu ho treinadór hamutuk na’in-24 hodi reativa fali sentru juvenil iha baze no kada Asosiasaun Futeból Munisípiu. Sentru ne’e foku ba kategoria Sub-13 to’o 15 ba mane no feto. Serimónia selebrasaun kontratu ne’e hala’o sesta ne’e iha edifisiu FFTL, no prezensa husi Sekretáriu Jerál FFTL, José Adilson Ribeiro, Adjuntu Sekretáriu Jerál, Fernando Baptista Xavier, Adjuntu Kordenadór Tékniku FFTL, Gaspar Quintão, Kordenadór Dezenvolvimentu Asosiasaun Membru FFTL, Crisogno da Costa, no reprezentante Asosiasaun Futeból Munisípiu sira. Sekretáriu Jerál FFTL, Jose Adilson Ribeiro, hateten selebrasaun kontratu ne’e nu’udar kompromisu FFTL iha mandatu Prezidente, Nilton Telmo Gusmão dos Santos. “Akordu ne’e nu’udar motivasaun boot ida ne’ebé FFTL no Asosiasaun Futeból sira hatudu iha ninia responsabilidade. Ami-nia objetivu mak atu produz jogadór foun husi munisípiu sira hodi garante kualidade ba selesaun nasionál iha tinan lima mai,” nia dehan. Relatóriu ba FIFA no AFC Nia husu ba treinadór sira atu labele fó treinamentu de’it, maibé tenke halo mós relatóriu ba atividade ne’ebé hala’o. Relatóriu ne’e importante atu FFTL bele monitoriza no relata fali ba FIFA no AFC tanba programa ne’e mai husi organizasaun rua ne’e. “Aleinde fó treinamentu ba juvenil sira, treinadór sira tenke halo relatóriu. Nune’e husi nasionál bele monitoriza nafatin treinamentu sira,” nia afirma. Iha oportunidade ne’e, FFTL mós relata ba delegasaun FIFA kona-ba lala’ok treinamentu ba kategoria sub-15 no sub-17 ne’ebé hala’o ona iha kada Asosiasaun Futeból iha Timor-Leste. Tuir Sekretáriu Jerál, FIFA fó apresiasaun ba atividade juvenil ne’ebé la’o di’ak tebes. Tanba ne’e FIFA komprometidu sei kontinua apoiu dezenvolvimentu Futeból iha Timor-Leste. FIFA no AFC mós informa katak bainhira jestaun ba atividade ne’e la’o di’ak, iha tinan oin sei aumenta treinadór ba na’in-haat iha kada asosiasaun. Kritériu ba Treinadór Iha fatin hanesan, Adjuntu Sekretáriu Jerál FFTL, Fernando Baptista Xavier, esplika katak durasaun kontratu ba treinadór sira ba tinan ida. Kritériu mak treinadór tenke iha sertifikadu nivel-C. “Ba treinadór sira-ne’ebé sei iha sertifikadu nivel-D, ami husu atu update. Tanba atu fó treinamentu ba juvenil sira presiza komprova katak treinadór iha duni koñesimentu liuhusi formasaun sira ne’ebé AFC fó,” nia dehan. Iha serimónia ne’e, FFTL mós distribui sertifikadu ba treinadór hamutuk na’in-24 ne’ebé mai husi kada Asosiasaun Futeból Munisípiu, ho kada asosiasaun reprezenta treinadór na’in-rua. Jornalista : Hortêncio Sanchez Editór       : Cancio Ximenes",Home,https://tatoli.tl/wp-content/uploads/2026/08/Z_54.jpg,2026-08-31T06:45:21.482664
